id,comment_text,toxic,severe_toxic,obscene,threat,insult,identity_hate
d15eb678d1a2a686,"Well, you're very rude! I was only trying to get to know about your situation. I'm not a paedophile or anything like that, though I'm sure you doubt my motives in talking to you! Can't you just regress from your silly little persona for a moment or two? You aren't a doctor, you aren't a barrister; you're just a Wikipedia with too much time and not enough love! How tragic it sounds! That sounds too similar to my situation... woe is me!! Anyway, I've tried and I've failed. Tried is also an anagram for tired, that which I am. Goodnight MR JD_UK. (Remember what I have said though, please. Remove it if you will, I shan't care too much whilst I am in the land of nod, only to revert it back tomorrow anyway). Sleep well my pansy.",1,0,0,0,0,0
c0e5df91992b92a5,"I don't think I'd like to be on ArbCom. That might change someday, but right now its definitely not something I would want to do. Thanks for the vote of confidence all the same )",0,0,0,0,0,0
7508c0864cdc7d3b,"Links 

Sorry, but Soda; fire, students, and rivalry shouldn't be linked to the mainspace; it is not a really interesting subject, just probably a definition for these words. These words should be liked to the wiktionary. Use [[wiktionary:text|]] for definitions. ~~~~",0,0,0,0,0,0
731a415b78b5e1de,", cos its just retarded what you are assuming. nooblet",1,0,0,0,0,0
f264b7fb9a4b4f53,"stupid head 

YOur dumb and you are stupid die die die go suck a butt",1,0,1,1,1,0
f5fda3433fc5645d,"""

 Lies. 

You do realize that the genocide of the Jewish people by the Nazi's was never proven and is still not to this day? All people have is a few (hired) witness """"reports"""" and some black and white pictures that don't prove anything. In fact, anything and everything said about the Holocaust are just theories. Its insulting how prejudice Wikipedia can be!""",1,0,0,0,0,0
170eae27cc3175c7,"What an amazing coincidence the admin who deals with this complaint should also have military history listed as their areas of expertise. Nothing untoward going on here then.

It's c***s like you who ensure the information in wiki remains unreliable.",1,0,0,0,0,0
93d96b64ca74885f,"""create an account]]  and log in 'Due to persistent vandalism (), anonymous editing from your school, library, or educational institution's IP address  disabled. You will continue to have access to read the encyclopedia. If you are logged in but still unable to edit, please follow these instructions. To prevent abuse, account creation via this IP address might also be disabled.

If editing is required for class projects, please have your instructor or network administrator contact us (with reference to this IP address) at unblock-en-l from an email address listed on your school's website. Alternatively, if you have no Internet access at home, you may email us using your school-issued email address, telling us your preferred username. Or you may use the form here. An account will be created for you. Please check on [ this list] that the username you choose has not already been taken.

If this is a shared IP address, and you didn't make the edit, consider [[Wikipedia:Why create an account?|""",0,0,0,0,0,0
646fd5967ab2c55d,what the fuck who deleted the spider loc and hot rod sections fucking wikipedia stupid ass ignorant people can we get it back ?,1,0,1,0,1,0
a3c3a10e1be1ff92,"Worldwide View 

Why is the American view so prominent?  One exameple is the IPAed 'international' in both General American and Received Pronoucation?!?!",0,0,0,0,0,0
11760d52084a4777,Shut the hell up JeremyA stop posting nonsense.,1,0,1,0,1,0
9688e34d2307c956,"Shove that barnstar up your ass, you faggot.",1,0,1,0,1,0
63e092c6579b700a,"""

 RE: NAIR!!! 

Sorry Karl, I wasn't able to see your Mason article in time cuz they deleted it already b4 I got home from school today....oh well. And yes you are absolutely right we won't ever stop making fun of her......in fact, if anyone in our group of peeps refuses to make fun of her.......i shall kill them..... Higgins!!!!!!!! No more wh*r* who wont shut up about her taxes about which no one cares, no more NAIR-chinned old hag, no more hunchback Bailey obsessed geezer who says """"if ya want to........."""" and finally, no more pot-smoking sexist b*tch hippie with all her f*ck*ng """"awwwwwwwwwww""""s and """"so true..........""""s who if i ever see her this summer im gonna give her a taste of her own medicine and roll her up in piece of paper and light 'er up and smoke up the wazoo!!!!!!!!!!!!! HIPPIE!!!!!!!!!!!!!!!  """,1,0,1,1,1,1
e1e4f1ddf2eb9e85,"Guess I hit a nerve, huh? Are you dropping out of my the fanclub now?",0,0,0,0,0,0
3bc6a07eabfab609,"""

How many times have we had this discussion? Editors are not required to be """"neutral"""" between what is true/verifiable and what is false. Articles are not required to pretend that false ideas (e.g., homeopathy) are true. It is not a violation of NPOV to write articles about pseudoscience from a scientific perspective. This is well-trodden ground on this talk page.   """,0,0,0,0,0,0
e70b99b13e3952f2,hey chris wats up. ya wikipedia sux ass they deleted my pic.,1,0,1,0,1,0
62dbb88eb0711b7f,"Hey Riana

Does it suck to know that even strangers think you are a dried up old shrew? 66.77.102.10",1,0,1,0,1,0
60262961dba92539,pathetic specimens like yourself,1,0,0,0,1,0
fc53ba884aed25cd,"Stop reverting my edits

Please stop reverting my edits, you online stalker. Who do you think you are?",1,0,0,0,0,0
ed07f0da73b362b1,"I hate Season 4. If there's one thing I hate more than that, it's Paul Tibbit himself! 

Paul Tibbit is a fucking-ass little piece of smelly donkey shit that raped SpongeBob rock-hard!!! 
I hope Paul Tibbit gets fucking cancer and burns in hell!
PAUL TIBBIT IS A WEED-SMOKING BASTARD WHO COMPLETELY FUCKED UP SPONGEBOB!!!!
SpongeBob is a pile of crap now. I don't think I've ever hated a person more than I hate Paul Tibbit. Him and his piss-poor animation skills.
Yeh Tibbit is SUCH A HOMO!!!!
I hope he fucking dies!
What the motherfucking hell is up with people these days? Nick's people obviously smoked lots and LOTS of crack in 2004!
I love Old SPongeBob. New SpongeBob. I don't blame SB. I blame FUCKING PAUL TIBBIT!!!!  SCREW YOU PAUL!!!!
Thanks to that man-hag SpongeBob is completely f++ked up. 

Now, all Nick Studios cares about is money! And i Mean ONLY MONEY!!! They can do an episode where SpongeBob fucking laughs like a fucking pedophile for 20 minutes straight and NOT CARE AT ALL!!! All these people give a tinker's damn about is money, ratings, and fucking fame and fortune. These guys are like celebrities in disgize! They try hard yet put so little effort into their shows JUST to make a quick damned buck! The new episodes drive me nuts! Like Paul Tibbit even HAS any!!!> If I ever meet Paul in real life I swear to neptune I will cut off his large, hairy ball sack tare out his skull and feast on his insides for Thanksgiving!!!!

Nick's people these days are obviously on tons of marijuana! These drunk dunces have no idea in hell what cartoon quality is ALL ABOUT! It would've been WAY better if they just slaughtered this crappy series after the movie!!!! Why watch this shit anymore when Paul Tibbit DESTROYED SPONGEBOB!!!!!! Little do I understand the appeal of the new SpongeBob. I can't believe Paul Tibbit can actually get away with screwing around with a phenominal TV show like he's on freaking cocaine or something! P. Tibbit should be on trial and should get the death penalty is he's considered guilty. Sure there may be some people out there who like the new SpongeBob, but anyone that does may never understand the meaning of good quality. In conclusion, FUCK YOU PAUL TIBBIT!!! FUCK YOU! FUCK YOU!! FUCK YOU!!! 71.64.6.46",1,0,1,0,1,0
2bf361b9a8eb1ba5,eat shit get rid of goofs you queers.,1,0,1,0,1,0
e1f550d596704d8f,"..... 

getting on my nerves. windfall. behaving as if she did something.
the land has not be rescued for her to become a goddess.",0,0,0,0,0,0
03a609a8af5906d3,can't seem to be bothered with actual fact.,0,0,0,0,0,0
600c33ccfcf85b00,"Characters for Angelmaru,Nyanpire's daughter. 

Characters

A white angel cat who always needs love. She is always very cheerful and has a crush on Doki,Though they are girls. She loves love,but loves other pink things like Fruit punch and pink lemonade.

A purple ninja cat falls in love with Angelmaru despite finding out she's a girly girl.

A red assassin cat who uses a sword to beat baddies up. She found out about Angelmaru's crush on her.

A teal cat with pink freckles and an aqua bandana.She doesn't get along with Angelmaru,But she gets along with her.
 

A pair of bats who are somewhat related to the angel who gave life to Angelmaru.

Angelmaru's human owner.",0,0,0,0,0,0
edd1f0e27ae15188,"""
Lol, okay so that explains it. Thanks. ) a.k.a.Depu Joseph |TALK""",0,0,0,0,0,0
34fdec2752a70e22,"""

 Topic ban 

Relating to  (and let me be honest, I'm not up for a protracted debate, I'm just here to offer a perspective that you are free to ignore).  The problem is how you phrased the issue.  If you are claiming admin abuse, you need to be specific.  If you are claiming it is no longer needed, then your opinion of PBS's original ban is irrelevant.  When it comes to General Sanctions, admin are given broad and sweeping authority, because the community wanted them to have a hammer to deal with problems.  Whether you deserved it or not, I have no idea, I didn't do that research and don't have time.  I'm talking about procedure here.  Kosh's comments just muddied the waters, unquestionably admin have the authority to do moratoriums and the like on these articles under General Sanctions, and do topic bans.  Authority isn't debatable because it is clearly spelled out in policy, so Kosh ended up making it less likely others would participate when debating something that is clearly not debatable, and PBS was on topic in addressing those points.  Your points got lost in the mix.  It happens.  And Dougweller and RGloucester also piped in, it wasn't just one person.  It was just one person taking your side, but he was mistaken on the procedural points.  Even DGG jumped in to support the moratorium, and he isn't prone to jump into fires.  Then Obsidi joined the fray.  So 5 people participated, besides yourself, not just one. The problem being that you guys debated the right of the admin to impose sanctions (and he clearly has the right), instead of the circumstances of your situation, which is why 80% of the people disagreed with you and Kosh. You complain that only one admin has spoken, but that isn't true.  Obviously, PBS is an admin, but so is Dougweller and DGG, neither of which has a reputation for being heavy handed.  Quite the opposite, actually.  In reality, he could have put a one year moratorium on name changes and it would have been 100% supported in policy, but he chose a very short and reasonable period.  You might not LIKE it, but the community voted specifically to give admin that power.  If you had not muddied the discussion up by mixing both issues, your topic ban and his authority to issue a moratorium, you would have had a better chance, although odds are that the topic ban would have stuck because there wasn't any abuse in his doing so that I could see.  It was his judgement.  Disagreeing with it doesn't make it abuse. And the fact that it was only three months....that is the shortest topic ban I've ever seen, so obviously he wasn't trying to be heavy handed.  Sometimes, you just have to accept that you don't have a case, and this one could easily be closed as """"no consensus to make any changes to existing sanctions"""".  Again, I'm not up for debating, but I could care less about these articles, and if you want an honest review from an experienced admin, you just read it.  - 2¢ """,0,0,0,0,0,0
fafb3651996b00fd,"""

 Here's a Falafel for you you fat piece of shit. 

  HURRICANEFAN25! Y U NO LET ME VANDALIZE!? PLEASE STOP OR I WILL BE FORCE TO MUSHROOM STAMP YOU WITH A FUCKING GOAT HORN! The Game.   """,1,0,1,0,1,0
4bdd220023fbef69,Which by code you're asking me to kiss your ass.,1,0,0,0,0,0
a270c2baf95b740e,"""

First of all, you don't know crap about Vietnam.

Secondly, of course many (actual) rebels were local residents, i.e. of KBR. But as of the bodies, some/most of them belonged to innocent civilians who were killed in crossfire (like even the KBR president said). Here's about the mechanism of this:

""""This is a commonplace in Chechnya. I have not been to Nalchik and I do not know this case, but it is quite possible that such things happen there too. Well, basically, they happen throughout entire Russia, only specifics are different — drugs or weapons are planted in order to jail one or get paid for closing a case,"""" an officer of the Department for the Combating of Organised Crime and Terrorism of the Russian Internal Affairs Ministry told Caucasian Knot's correspondent. """"Of course, civilians sometimes die in Chechnya and in other North Caucasus republics, too, where counter-terrorist activities are conducted, and weapons are planted on them by officers that are not the most conscientious. But one should understand that they do so not because they want to register another victory for themselves, but for fear that they can be jailed for good because of this accidental killing."""" According to the officer, one should not say that """"someone is killed on purpose and then registered as a rebel. Only Kadyrovtsy do so. It is not a custom among us, federals.""""

And actually indeed some time later a group of Kadyrov's policemen (called """"a gang"""") were persecuted precisely for this, that is killing random people (few men and a woman they kidnapped and killed) and then planting guns and explosives on them for promotions. But of course, there was also the case of Vladimir Glebov, etc.

This is all, because I already said I'm not going to discuss stuff with you anymore. Enough of my nerves.   """,0,0,0,0,0,0
ea9689b8d50b1c35,"Contested deletion 

This page should be speedy deleted as an attack by someone vandalizing user profiles and articles!",0,0,0,0,0,0
4d066ffc37331446,"OK, nevermind; I have done. I need to properly do up the refs now. Thanks for working on it.",0,0,0,0,0,0
6c4551436fd00f16,"Um Dude I hate to FUCKING break this to you, but THE GAME is still on G-Unit.
http://www.thisis50.com/
WATCH THE FUCKING VIDEO AT THE TOP OF THE SCREEN.

NEXT TIME KNOW A THING OR TWO ABOUT HIP HOP BEFORE EDITING THE FUCKING WIKIPEDIA PAGE.",1,0,1,0,1,0
457aab2d186e95f0,You sound like you are sexually frustrated. When did you last have sex?,1,0,0,0,1,0
ee0c1d905ad291c8,"warning? 

why did you warn me? for what? im war with ultra-christians ultra-racist and other jerks, warn me for what?Contributions/62.248.42.19",1,0,0,0,1,0
29b98aa269c97fa6,"Regarding your sexuality
Is it true you iz a homo nigga? You is a skinny little dork fuck aren't ya? You have never had pussy have you boy? Never. You is a ninny is what you is. One one nigga. Bang blunts all day long son.",1,1,1,0,1,1
5ca020991d864c69,"is a 'stream f conscious-ness mess' against your rules - just leave me alone, don't read my talk page - theres no need, I don't see its any of your business, it is in no way affecting the encyclopedia in a negative way,  - you  are over admin-ing anyhow,  - 
its really unpleasant Wikipedia these days",0,0,0,0,0,0
029dceed3519e371,you studid cock sucker u stop callin me ok its a frank Garrett eatin the worms crawl outa your moms pussy you fucking retardo hit I retardo,1,0,1,0,1,1
4fecf67671076714,", at least whenever they needed",0,0,0,0,0,0
d30cddcbd542c0d8,"""

@N-HHIts all about what a man can or can not do, N-HH. You can accept that this article is about a historical military-administered territory officially named """"Territory of the Military Commander in Serbia"""", or you can not. Me, I can ignore your PA comments, but I can't agree that the title should be changed to any phrase that doesn't refer in some way to this said territory, which is the subject of the article. Savvy?
As for your grammar concerns, you should probably make it clear which classes of words you consider too irrelevant to enter our considerations. Though I certainly hope you are clear on the difference between the words """"of"""" and """"in"""", and how they may alter the sentence. As in """"I was sick of this one year ago"""", and """"I was sick in this one year ago"""". 

@FkpCascais. Oh please, Fkp. Its me. The """"I'm insulted he hinted I'm a nationalist"""" thing is so old it """"has a beard"""" as we say 'round these parts. I know you so long I can produce a half-dozen diffs at any time to show an editing pattern as the one I hinted at. And no, this isn't a """"fake Serbia"""" like the NDH was a fake Croatia, it was a military occupation zone """"in Serbia"""", the """"Serbia"""" referred to there is just a geographic qualification indicating where this entity is located in. You need to clear from your head all that """"Nedićeva Srbija"""" nonsense that they teach us in grade school. The Serbian article actually has a flag and coat of arms under an infobox title that says """"Serbia"""", and you just called this a """"country"""". I'll say it again: this is an occupation zone created by Hitler, where his army picked some willing stooges to run the police and collect taxes/steal food. Hitler hated Serbs with a passion and didn't give them anything even closely resembling a country. It takes a special kind of crazy to go around fighting for recognition screaming """"hey, don't you go denigrating Serbia! we were just as much Nazi puppets as you were!"""". Yet that is exactly what I've been reading here for years on end. So forgive me if I'm a little sick of it.

@Peacemaker, I challenge your assertion that there is no WP:COMMONNAME for this territory, and claim 'Military Administration in Serbia' is a name used on a wide-enough basis to qualify as such.   (talk) """,0,0,0,0,0,0
fd2f53aafe8eefcc,"Fat piece of shit 

you obese piece of shit. I thought of you naked last night. | got sick.",1,0,1,0,1,0
59bd3f4c680a80ae,"""

Administrator assessment: the warning above was inappropriate. See my further comments below.  (talk •  contribs •  global count)  

""",0,0,0,0,0,0
ca322730a9b08795,Mmmm... yes... a pint of palestinian blood would be a fine dessert right now. -  talk/email,1,0,0,1,0,1
722e5b9975217540,"No Personal Attacks

Stop trying to cover up the truth about Wikipedia. I asked the user a question about whether or not the allegations in that article were true. I didn't write that article.
P.S. I actually didnt need to even ask if they were true- its obvious that they were.",0,0,0,0,0,0
a1e2f503c024642d,"year after such claim or cause of action arose or be forever barred.

Choice of Law and Forum
Any dispute of any sort that might arise between you and CBC will be governed by the laws of the United States and of North Carolina, without regard to its principles of conflict of laws. You and CBC submit to the exclusive jurisdiction of the state and federal courts in the Eastern District of North Carolina.

Feedback
We welcome your questions or comments about this TOU and also welcome any suggestions you may have for improvement of our Services. Please send us your feedback.

Contact Us/Report Misconduct
For more information, or if you have questions about this TOU, please contact us via our Privacy Administrator.Â  Also, if you see behavior or communications on any of Services that you consider inappropriate or abusive, please let us know immediately.",0,0,0,0,0,0
d181bdc17d356d9e,I will murder your pets and slash your tires.  You are such a giant assclown.  My name is Byran Mattison and I am a gay football player.  I play for the Ravens and I love dick.,1,0,1,1,1,0
365284bc87b813e7,"Communism 

U are gay",1,0,0,0,1,1
0f22ba95e21e20d3,"Free Imperial City of Cologne  

You'd need to get agreement to do this, and there's a copyvio issue also.",0,0,0,0,0,0
d11ceb3723d263bc,Blah Blah Blah. Cry me a river. Go suck a prick.,1,0,1,0,1,0
0ff50f34c13dec7d,"you are an american biaes idiot 

you are an idiot who wants to dserstroy wikipedia. It is people like you who are responsible for the currwnt destruction of all that is good in the way wikipedia works I think you should get a life and stop deleting articles you American biased wally.",1,0,0,0,0,0
10dd4f9c619aff65,REDIRECT Talk:List of Afghanistan War (2001–present) documentaries,0,0,0,0,0,0
67bf11045c1f1453,"Up yours, you authoritarian little Hitlers.",1,0,0,0,0,0
6a598d5b8f170894,"NAZI WIKIPEDIA ADMINS
EVERYONE KNOWS THEY LOCK THESE ARTICLES SO ONLY THE LIBERAL NAZI WIKI ADMINS CAN CHANGE THE INFORMATION. THIS SITE IS THE WORSE WHEN IT COMES TO BEING FAIR!! ALL THE ADMINS VOTE THEIR FRIENDS IN AS ADMINS. IT IS A BIASED WEBSITE AND THEY DO NOT ALLOW INFORMATION THAT ALLOWS THEIR POLITICAL CANDIDATES TO LOOK BAD. THIS IS WHAT THEY DO IN CHINA AND NOW ON WIKIPEDIA.",1,0,0,0,0,0
b2d7c107fdcb95fa,this guy is a dirty jew213.152.254.36,1,0,0,0,0,1
00587c559177dcf2,"""

Reply
Are you being facetious? if not, you would have relayed the same message to Jza and MRSC as my words were no more stern than theres. If you would like evidence for any of the claims made on the talk, then I will only be too glad to provide. You also failed to provide diffs in your message to me, in regards to which words you're claiming are offesive, perhaps WP:Assume good faith.

The two users constantly harass and follow me to articles making disruptive edits in violation of numerous Wikipedia guidelines (WP:HARASS is just one). For example the removal of third party references from articles which don't suit their POV, without entering an edit summary (considered by Wikipedia guidelines as bad faith and a violation of WP:BLANK). The violation of WP:NEO by adding derogatory neologisms to the articles of organisations who they do not personally agree with, despite being made aware of the policy, despite not having any reference to the said organisation being described with said neologislm and despite the community majority constantly removing the derogatory term.  The same """"tag team"""" practise can be shown to be used against numerous other editors who edit articles on British culture and trad counties, not just against me. Again, if you would like evidence just ask.

It would seem however, looking at the messages on your talkpage above, especially the lovely intertude under """"UK mediation"""" section, that Jza messaged you (somebody he seems very familiar with) in violation of WP:CANVAS. Specifically the section on Wikipedia:CANVAS#Campaigning may interest you. If you're going to be an admin, may I suggest you please make yourself familiar with the policies and guidelines I have referenced in this message. Rather than accusing me, a user who is being cyberstalked, of """"personal attacks"""". Systematic bias is not acceptable, you're here to make sure that our policies are upheld not to chip in for the sake of a friend. Thanks. -   """,0,0,0,0,0,0
9db8435778824ea4,"""

 Please do not remove content from pages without explanation, as you did with this edit to Luminous efficacy. If you continue to do so, you will be blocked from editing.   (speak to me) """,0,0,0,0,0,0
de1957114d10d1dd,Any opinions on the Liancourt Rocks issue?,0,0,0,0,0,0
b28bcc573b374b94,"How About You Shut the Fuck Up? 

Stop fucking with my posts you fucking douche bag

I AM Joe Torres. Leave me be.",1,1,1,0,1,0
bc7fb93bc05e4fc4,"Hi TK 

You, Terry Koeckritz, are a colossal tit. But of course, that's not really your name is it? Thats why you go round trying to hush it up. YOU AREN'T FOOLING ANYONE!!!!! n00b!!!!!!!!one!11",1,0,0,0,0,0
f8fe3253b1e79e54,Will Rengel ever give up? What an idiot.,1,0,0,0,1,0
b633a676db053f75,I'll kick the shit out of you ya cunt,1,0,1,1,1,0
bc473569f798c069,"Bald 

LessHeard vanU is Bald [2x]

YIIIIEEEEEEEEE

LessHeard vanU is Bald! - BALD BALD BALD B-A-L
LessHeard vanU is Bald! - BALD
Bald, he's bald
LessHeard vanU is Bald!
LessHeard vanU is bald [7x]
LessHeard vanU is bald, bald
LessHeard vanU is bald [2x]
LessHeard vanU is bald, bald BAAAAAAAALLLLLLDDDD!!!!
LessHeard vanU is baaaaaaaaaaaaaaald

YIIIIIIEEEEEEEE

LessHeard vanU is bald - HAHAHAHAHAHAHAHAAAA
LessHeard vanU is bald [3x]
LessHeard vanU is bald, bald, bald, bald, LessHeard vanU IS BALD!

LessHeard vanU is bald
I'm telling ya, he's got no fucking hair
B-A-L-D, LessHeard vanU is bald [2x]

LessHeard vanU is bald! - BALD BALD BALD B-A-L
LessHeard vanU is bald! - BALD

Bald to the bone [2x]
I'm telling you baby - HAHAHAHAHAHAHAAAA

LessHeard vanU is bald [2x]
Bald [3x]
LessHeard vanU is baaaaaaaald [5x]

 AQuestion forU 

What is a mid-life crisis? 86.179.40.116",1,0,1,0,0,0
f2f8d25586e64e36,i am gay i am gay i am gay i am gay i am gay i am gay i am gay i am gay i am gay i am gay i am gay i am gay i am gay i am gay i am gay i am gay i am gay i am gay i am gay i am gay i am gay i am gay i am gay i am gay i am gay i am gay i am gay i am gay i am gay i am gay i am gay i am gay i am gay i am gay i am gay i am gay i am gay i am gay i am gay i am gay i am gay i am gay i am gay i am gay i am gay i am gay i am gay i am gay i am gay i am gay i am gay i am gay i am gay i am gay i am gay i am gay i am gay i am gay i am gay i am gay i am gay i am gay i am gay i am gay i am gay i am gay i am gay i am gay i am gay i am gay i am gay i am gay i am gay i am gay i am gay i am gay i am gay i am gay i am gay i am gay i am gay i am gay i am gay i am gay i am gay i am gay i am gay i am gay i am gay i am gay i am gay i am gay i am gay i am gay i am gay i am gay i am gay i am gay i am gay i am gay i am gay i am gay i am gay i am gay i am gay i am gay i am gay i am gay i am gay i am gay i am gay i am gay i am gay i am gay i am gay i am gay i am gay i am gay i am gay i am gay i am gay i am gay i am gay i am gay i am gay i am gay i am gay i am gay i am gay i am gay i am gay i am gay i am gay i am gay i am gay i am gay i am gay i am gay i am gay i am gay i am gay i am gay i am gay i am gay i am gay i am gay i am gay i am gay i am gay i am gay i am gay i am gay i am gay i am gay i am gay i am gay i am gay i am gay i am gay i am gay i am gay i am gay i am gay i am gay i am gay i am gay i am gay,1,0,0,0,0,0
70ed121835918aae,I agree with you Son Of Kong.,0,0,0,0,0,0
cbca2a964f6475d3,"""
Welcome!

Hello, , and welcome to Wikipedia! Thank you for your contributions. I hope you like the place and decide to stay. Here are some pages that you might find helpful:
The five pillars of Wikipedia
How to edit a page
Help pages
Tutorial
How to write a great article
Manual of Style
I hope you enjoy editing here and being a Wikipedian! Please sign your name on talk pages using four tildes (~~~~); this will automatically produce your name and the date. If you need help, check out Wikipedia:Questions, ask me on my talk page, or place {{helpme}} on your talk page and someone will show up shortly to answer your questions. Again, welcome!  ''' (talk)''' """,0,0,0,0,0,0
4b2f790e85d8fd54,many of the patents linked from there do not presently work. I will seek a further source for,0,0,0,0,0,0
a2d46a0a553c56aa,is a fucking faggot.,1,0,1,0,1,0
484b8d0c16930c91,"Poor Joe 

But I thought Joe Vialls was dead.  Good job on the Pan Am Flight 103 article by the way, Joe.",0,0,0,0,0,0
2d8285050ba017fc,Yes. What name do we give that article?  | (talk),0,0,0,0,0,0
d09aef741f947c0f,Fuck veritas this school sucks dick!,1,0,1,0,1,0
cf985bc4cfe9f033,"Deleted images
Hi there. If you delete images that I created ages ago which have now been superseded and replaced by svg files then thats cool, I don't need to be informed about it and it just clutters up my talk page! Unless its wikipedia policy and you are required to inform me in which case thats understandable I guess.",0,0,0,0,0,0
38b04f0b55ac0c31,"P.S. It's probably worth setting up a template to be used for all the periods, so they can easily be kept in the same format.  It would make it easier for me, for example, to remove the padding around the timeline if I could do it in one place. ' T'''",0,0,0,0,0,0
4d5eeec5b58085dc,"I love penis 
 I love penis 
 I love penis 
 I love penis 
 I love penis 
 I love penis 
 I love penis 
 I love penis 
 I love penis 
 I love penis 
 I love penis 
 I love penis 
 I love penis 
 I love penis 
 I love penis",1,0,0,0,0,0
47aba55c6714b66d,"""

Sockpuppet investigation
 -Talk to Me! """,0,0,0,0,0,0
3ead93a171ed97d2,"So? 

How about those Angels?",0,0,0,0,0,0
e5c07e85b787d397,"""

 So this includes removing things such as pointing out that creationist organization ISCID's """"peer-reviewed journal"""" is not actually peer-reviewed?  WP:BIO does not mean """"remove all information that might be a bit embarassing to the subject"""".""",0,0,0,0,0,0
1f09db6e34f44966,"Dom Brown

Why have you listed Dom Brown as an official member of Duran Duran, when he clearly is not?",0,0,0,0,0,0
3bba24a108490e5f,Are we guilty of systematic Polish nationalist bias? Could you help me understand what's going on here?,0,0,0,0,0,0
af7a0eb24954b4b9,"Hey you scum!!! 

Haha, you've also a warning you raped son of a bitch!!!",1,0,1,0,1,0
7d7411026d63db1f,"""

Thanks, Bish, but I won't see them. The latest pseudo-innocent machinating at ANI is the last straw. I've deliberated ignore it for days and when I come back to make a closing statement, she's straight in there with fabrications again. I've no idea how much long the project will put up with the """"playing dumb"""" act, especially through strategies such as multiple refactors of messages. Plenty of people realise that there is a problem and that it really isn't me but until the community wakes up and does some about it, I'm gone. You've just lost a 75% articlespace contributor to a 70% non-articlespace crapstirrer. Mail me when the community comes to its senses, please. And if it doesn't then I don't want to be a part of it anyway. I'm here to build and improve content, not create a utopia. -   """,0,0,0,0,0,0
6e8bb77c2d61c7f6,"Now that her birthday is finally here, it's easy enough to get her real former name from nashville city hall.  Birth Records and Name change records are a matter of public information.",0,0,0,0,0,0
d92e1b717f9f6fcd,"help
This 'Historian' now thinks that 'Sanhedrin' is closer to Neturei Karta than to Kach. He is also seeing a fusion of Kach and Neturei Karta, since 'both oppose the state'. I tried to clarify it, giving some examples of the thought of NK and Kach (without naming either), and what is his conclusion - 'the press releases of the Sanhedrin so far are more like NK'. Please, please, try to explain to him that I am right. How do you explain Jewish politics to somebody with the brain of a fish??  | (talk)",1,0,0,0,0,0
e2b427d52f0b97b4,"your recent edits 

Thank you for experimenting with  Wikipedia. Your test worked, and it has been reverted or removed. Please use the sandbox for any other tests you may want to do. Take a look at the welcome page to learn more about contributing to our encyclopedia.  Talk",0,0,0,0,0,0
60a851766f2e679c,"""

 Mainpage bolding 
Hi, Schutz, how 'ya doing ?  Mainpage bot is busted -)   (Talk) """,0,0,0,0,0,0
bd645bc9cc3a1f44,"Barnstar 

You've done alot of work on alot of WoT articles since you joined up, and I thought you deserved some recognition for it.  Keep up the good work!!",0,0,0,0,0,0
ea1dedba4b25d0a8,it's non of your business mother fucker,1,0,1,0,1,0
dbbefe4ff52c3b73,"(UTC)

 Not knowing what happened,  perhaps the IP-only poster was an idiot etc.  However,  as an editor using only an IP,  they'll likely never to see your rant.  Therefore I'm not sure of the point of having the above on the discussion page (etc).  Could someone clarify the underlying issue?  Thanks.  03:33, 25 June 2012",0,0,0,0,1,0
2e6cd3589b2e9bf7,Get the fucking arse off this website.,1,0,1,0,1,0
7be73da50a966711,"hey stop editing my page jerk

NOTOC__",1,0,0,0,1,0
5f91db8ab63fc137,"""The supposed similarities between Barbie and Sleeping Beauty are not """"too striking not to be noted in the article"""". As others have explained, it's impossible for Barbie to have been purposely designed to resemble the Disney character. One has to stretch quite a bit to see any """"similarities"""" between them, and aside from that, without evidence that something like this was done on purpose, it has no encyclopedic merit.  

""",0,0,0,0,0,0
b977579d6fc42566,"lol 

Screaming @Wikipedia being your life, you're such a damn flop, I feel sorry for you",1,0,0,0,0,0
d7a17c476783c73b,PEOPLE THAT USE THIS WEBSITE ARE STUPID. don't Use it. I wrote every thig and its all lies!!!!!! LIES I TELL YOU!!!!,1,0,0,0,1,0
ff34255739d996ae,"Think Breast's
Think Breast's
Think Breast's
Think Breast's
Think Breast's
Think Breast's
Think Breast's
Think Breast's
Think Breast's
Think Breast's
Think Breast's
Think Breast's
Think Breast's
Think Breast's
Think Breast's
Think Breast's
Think Breast's
Think Breast's
Think Breast's
Think Breast's
Think Breast's
Think Breast's
Think Breast's
Think Breast's
Think Breast's
Think Breast's
Think Breast's
Think Breast's
Think Breast's
Think Breast's
Think Breast's
Think Breast's
Think Breast's
Think Breast's
Think Breast's
Think Breast's
Think Breast's
Think Breast's
Think Breast's
Think Breast's
Think Breast's
Think Breast's
Think Breast's
Think Breast's
Think Breast's
Think Breast's
Think Breast's
Think Breast's
Think Breast's
Think Breast's
Think Breast's
Think Breast's
Think Breast's
Think Breast's
Think Breast's
Think Breast's
Think Breast's
Think Breast's",0,0,0,0,0,0
6546e840b5174598,If you have a chance to read this you should instead of acting like a dick...i have faith that you can do this...the easiest way...stop acting like a dick and BTW happy new year to you.,1,0,1,0,1,0
7ce2c22fd3409fbb,"""

Oh, don't worry about me, Sandstein. I'm of no strong opinion as to what is """"well."""" Editing Wikipedia is not a personal benefit; if it were, I'd be COI! I do have some unfinished business, both with articles and """"arbitration or sanctions,"""" such as the RfAr/Clarification and a dispute over my last block, which was ostensibly about the sanction and which I hope can be resolved without much fuss. On the other hand, I hoped that in the past as well, but I can't control how others respond. I understand your recommendation and see it as well-motivated. Thanks.   """,0,0,0,0,0,0
acab6613c490d0b1,"You want to meet me vandal
YOU WANT TO TRACK ME DOWN AHOLE? FEEL FREE TO WRITE ME, GIVE YOUR EMAIL AND I WILL MEET YOU JERK!",1,0,1,0,1,0
dc7a3ac74c653205,"""

Bullshit """"some medical"""" is classic weasel word crap.  I demand mediation.""",1,0,1,0,0,0
69bcd3598e04f50b,"Jerk Off!
I can't believe you! Not only did you have the audacity to delete my page about Mr. Jett Odle I, you also reported me. Let me tell you something you jerk, you are a JEW!",1,0,0,0,1,1
0a9a1ffaaf939a86,"ACCUSATIONS II 

Yeah yer damn right I left that at another user's page.  It's because you and DJac75 have something in common.  You constantly, and I mean every time, go with the anti-Jewish side.  So I'm giving you an opportunity to explain it.  What is your explanation for this?

CaliforniaDreamlings",1,0,0,0,0,0
4aede45ad903cbf1,"Your attitude is sliding straight downhill. As soon as I identify who died and made you God of Wikipedia, I'll address your idiosyncratic interpretation of the rules for 'official'. Most people would interpret 'an official page' to mean 'an official page' rather than 'the official page'. Furthermore, someone who apparently can't figure out how to get past an introductory video in Google Earth really shouldn't be throwing stones, although one is tempted to throw in a comment about 'stone-age' and 'dinosaur'. I did add some wordage about the 'tours' as there may well be others like you who aren't familiar with Google Earth. Wouldn't you prefer returning to ODP and working on a category or something?",0,0,0,0,0,0
070a47fedbf8f379,I'm sure you eat alot of tube steak,1,0,0,0,0,0
cac08649b3fb81b9,Then you're both blind and retarded.,1,0,0,0,0,0
c0d14e4230a3d8b4,He's fucking mad! Mad I tell you! Muhahahaha!!!,1,0,1,0,0,0
714c6c5d7c834fb2,"I thought this might come up. You're thinking of the temperature in the shade, which is how temperatures are usually measured. In this case it was the temperature in direct sunlight - there is no shade in the desert - which is obviously going to be considerably hotter.",0,0,0,0,0,0
c935808c5ad0e2a2,"Additions to the Västerbottens Fotbollförbund page

I have created a page for Västerbottens Fotbollförbund as a stub that can now be developed by those with a far greater knowledge of Västerbottens Fotbollförbund football than myself.  It would be great to see articles and photos added to the page covering for example key officials, organisation headquarters, gala presentations, historic facts, district cup winners and much more.

  (Finnish Gas )

 Notability Criteria - Clubs affiliated to Västerbottens Fotbollförbund 

Clubs playing in Division 4 and below may not meet Wikipedia's notability criteria.  If you wish to produce a Wikipedia page for your club I suggest that you ensure that you take appropriate measures to emphasise that your club is notable.  This may be achieved by including details of at least one of the following:

1. - club achievements in particular competing in the higher levels of the Swedish football league system (Division 3 and above 1987 onwards / Division 4 and above pre 1987); 
2. - a notable player(s) who has played for the club;
3. - widening the description of the club to include details of other sections of the club (some of whom may have made a notable contribution to their sport);
4. - significant club infrastructure that has been provided or is managed by the club such as an indoor sports hall and all weather pitches;
5. - special contribution to the local community such as clubs serving the needs of ethnic communities;
6. - unique features such as an island location or historic stadium.

Failure to meet notability criteria could result in your page being recommended for deletion.

  (Finnish Gas )",0,0,0,0,0,0
1a99fc038056c0c2,"Materialscientist is a racist

Seriously, fuck you man. You continuously delete my photos on the page of Al-Mayassa bint Hamad bin Khalifa Al-Thani, which are all posted with the correct CreativeCommons Share-alike 2.0 or 3.0 license... because you're a racist and the Sheikha appears uncovered in these pictures. When I posted photos of Arab males... you do not challenge them what so ever. 

Luckily, I can continue to live my life in the happy company of many friends, family and colleagues... not stationed at a computer 24/7. You're a loser who spends his entire life editing Wikipedia and probably has nothing to show for it. At the end of my life, I'll have had a purpose... a career, family, things I am proud of. You'll just be dust and completely irrelevant to the world... having never done anything more than edited a website.",1,0,1,0,1,0
d8d284c4219fca89,"Georgian Terrace Hotel 

Added architectural detail and history to the page.  Let me know if you see something screwy.  My eyes are shot, I've been working on this for over five hours - that is the research and writing.  I know that the Fox Theatre district photos would be good to have on their own page, but since one doesn't exist, I thought I'd attach them here...let me know what you think.  Cheers.",0,0,0,0,0,0
e946aa3ee2e971b9,"sloking man has np penis 

But he does eat babies!",1,0,1,0,0,0
a440b261f0f4ba3e,"Hey, you squinty-eyed Jap. 

Go to the Japanese Wikipedia, where you belong.",1,0,0,0,0,0
9c3467593b1a0620,"""

 """"Hateful propaganda?"""" 

What alternate fucking universe do you live in? We're not going to have an article about a territorial dispute which just repeats the claims of one government involved in the dispute. That's preposterous. Calling that stance """"hateful propaganda"""" is asinine.  """,1,0,0,0,0,0
9028398f533a55b4,"Include Wikinews 

 or 

99.181.137.3",0,0,0,0,0,0
b2ce8a88d87caf5f,"Try Android79, and DreamGuy

Both very unpopular with other Wikians, and both seem to be a%%holes, uneducated, arrogant,
and just dumb as a post.

beckjord",1,0,1,0,1,0
40225e15dff4dc4d,"I am not over arsed, I just don't think his middle name is so significant that it needs a specific reference. I have written article on other WBA players Davy Walsh and Jack Reynolds if you are interested in checking them out.",0,0,0,0,0,0
f395ab25f17f48d0,"Obviously he thinks it's his mission in life to to convince the world of his ethnic theories, so he's not going to just give up.",0,0,0,0,0,0
6043aacfc452fa35,am correctly...   Talk,0,0,0,0,0,0
557d3b98387207ae,Gotcha.  Will take a look.,0,0,0,0,0,0
4bc1d94f8f03f507,"Being a western Litchfield County, Connecticut-eastern Dutchess County, New York-ite, I know too much on the matter.",0,0,0,0,0,0
616bdf1bca314de2,"""
This is taken from the 2010 Winter Olympics Page.

VenueLocationSportsCapacity Ref. Canada Hockey Place Vancouver  Ice hockey (final) 18,630 """,0,0,0,0,0,0
357bf48db843e627,""":::It appears yo are blowing more Sh*&^ out of your rear end. and I have ample evidence that YOU care jack about """"good faith"""" except when it benefits you

The VERY FIRST SENTENCE of that book states. 

PREFACE. 

The object of this book is to show the circumstances under 
which the Federal Constitution was ratified by Pennsylvania. 

""",1,0,0,0,1,0
a828fcab1c8d139e,"Actually 

Dear Sir/Madame,

Thank you for your reply. Here are a list of some websites (including the Clan Galbraith's own OFFIACIAL website) which state that Sir William Galbraith married a DAUGHTER of the Black Comyn. I hope that this is helpful.

Regards,",0,0,0,0,0,0
3a62d7fcfb2f0627,"Pride & Predator
Despite the title, and plot detail involving an alien, there is no evidence that this Predator alien is in anyway related to the Predator of this franchise. Until an official source explicitly states otherwise, this film does not belong on this page.",0,0,0,0,0,0
90ce9fb1701e8bca,"This was placed here because this user is a liar who has broken 3RR numerous times, a few days straight in a row.  That he chooses to attack me for his own hypocrisy now, is indicative of his wish that the previous warning to himself by another and outside user (on the Kingdom of England) is lessened in its effects.  What a fucktard.",1,0,1,0,1,0
022af9360c61f05f,"Groin 

You sad fuck. I'm going to restore my edit, and you are going to leave it, or else I wil knee you in the groin yourself, prick. 91.108.208.101",1,0,1,0,1,0
82e907dfa69efad1,"Thank You
Thank You for the unblock. LoveMonkey",0,0,0,0,0,0
41d11c034bda48b3,"Bad 
Stop reverting peoples' talk pages, what makes you think you can edit them but I can't?",0,0,0,0,0,0
64fc056641dba716,"Bigger Bang Tour Memorable Moments 

Why did you remove the memorable moments from the Bigger Bang Tour page you wanker!
Thats vandalism!
Fuck off and die fuckwit!",1,0,1,1,1,0
079b036fed8995db,"You know, for human excrement, you're pretty fast to find vandalism, good job, you have a purpose in life.",1,0,0,0,1,0
591d54bf6ddc9a61,"""

 Bc4! with an exclaimation mark??? 

 
Who the heck put 4. Bc4 with an exclamation mark? That move isn't even in the MCO 14. My chess analysis engines are putting it as third favourite move. Both of the reponses Be7 and Nf6 to it were put with question marks after them when both of those are great moves. 

I see this opening all the time in blitz, there is no """"giving away a pawn"""". Ridiculous.   """,0,0,0,0,0,0
8a46bd24ad2ae752,Are you kidding me right now. Is this a joke. He is quoting the book and you dismiss it. YOU ARE FUCKING BLIND,1,0,1,0,1,0
658044967d9af0df,"""

 Flavio Briatore and template 

You are the only editor that thinks this is a significant part of his notability, it is not. WP:BLP applies so get consensus at the talk pages for your changes BEFORE you make them. king (edits)  """,0,0,0,0,0,0
16e3351896654ab2,"""

Then it would be best for you to work on the articles in subpages. Creating more articles that aren't going to expanded in a while is not useful.C """,0,0,0,0,0,0
9a6ff7868ef4563d,FUCK ALL YOU CAMEL JOCKEY PUSSY LICKING DINK LOOKING DICK SUCKERS!!!,1,1,1,0,1,0
d83c777ce925ffd0,"3RR warning 

You have violated WP:3RR. Now, i guess you've decided to ignore my edit summaries, as i explicitly requested you take this issue up on the talk page of Russell Crowe before reverting furthur. But it seems you have decided it's your way or the highway. WP:FUTURE is an issue, yes, but for an actor's filmography, i don't think it works. If a film's date changes, change the date. If a film is cancelled, remove the film. So much easier than remove it altogether. I'm going to revert you again, and i expect you to finally go to the talk page.   16:15 20 December 2011 (UTC)",0,0,0,0,0,0
74bd6565c5c55524,"ITS TIME TO KICK THESE LEFTIST FOOLS OFF WIKIPEDIA 

ENOUGH OF THIS LEFT WING PROPAGANDA AND NONSENSE",1,0,0,0,0,0
0cd3e492e00ff0c6,"Hey static, piss off because i provided proof with a link now stop changing every single edit i make you little fairy.",1,0,0,0,0,0
d742c4c6605b774c,"Contemporary Christian music 

Wikipedia:Reliable_sources/Noticeboard#Kim_Jones_at_About.com_on_Christian_music",0,0,0,0,0,0
db5858cbc03a3664,"Your JL Naudin deletion nomnination

Like I said RadioFan, have patience, and stop straining for fame over your assumptions. And did you notice the page was just created? You're being stupid.",1,0,1,0,1,0
869d1a19852810cc,"Hello, I made constructive edits. I know you think they weren't, but I guess that makes you wrong. It's okay, mistakes happen, but you should back down and make sure they happen less. Okay? Our public transit systems are going down because of leeches like you. Keep on sucking, loathsome prick from hell.",1,0,1,0,1,0
f3a5c10b3f71f378,"How dare you criticise the hard-working and under-rated mods at urban? Those bastards deserved banning, and I'd ban more, in case they posted critical comments too.  I never fucking posted this!",1,0,1,0,1,0
698d3dec0969f44a,Fuck you bitch! I will go to your house and kill you with my gun!,1,1,1,1,1,0
4d1e49e1906e7d5a,". That's right. You heard me.

FAGGOT",1,0,1,0,1,0
2302923e708c12f0,", so do us all a favour and just fuck off instead, hahaha",1,0,1,0,0,0
a0cf8c6e5aaf7e44,I have evry right to be pissed off!!!! even when I make decent edits you change them why whats up!?!?!? can't you're stupid American brains put the words together and form what we like to call a sentence????,1,0,1,0,0,0
f10c60d49df2dc78,"Bullshit 
What the fuck are you annoying my edits on Wikipedia? Such a bullshit you're bitch! Wikipedia is free to everyone for edit asshole!! (anonymous) 06:30 28 February 2015 (UTC)",1,0,1,0,1,0
470bab745c696437,"death clear hoax 
this article is one of the biggest jokes on Wikipedia. the introduction section is fucking pathetic, the death section is as lame. Does the CIA fill this page ? Does the white moron house get informed when it's edited ? do you US motherfuckers believe you can act as the rulers of the world for much longer ? Once you get east of germany, nobody believes anything you've been saying for all this years. There is like NO PROOF whatsoever of Bin Laden being alive after like 2002. Videos released again by the terrorist CIA group of a guy with a beard once in a while between 2001 and 2011 make anyone with a brain laugh, same goes for these cia-made videos of a some US agent disguised as an old man with a beard watching stupid shit on tv. This article is an insult to humanity.",1,0,0,0,0,0
6390447688834964,"""

 File:Neonopolis May 2010.jpg missing description details 

Dear uploader: The media file you uploaded as File:Neonopolis May 2010.jpg is missing a description and/or other details on its image description page. If possible, please add this information. This will help other editors to make better use of the image, and it will be more informative for readers.

If the information is not provided, the image may eventually be proposed for deletion, 
a situation which is not desirable, and which can easily be avoided.

If you have any questions please see Help:Image page. Thank you.   """,0,0,0,0,0,0
86f212790af4e8ed,"No wonder I'm being uncivil, when you're stupid. Look at my block log, I wasn't blocked for uncivility or even edit-warring, sure block me for that, I don't care, but I was blocked on wrong bases and if you wanna block, you gonna have to block the other guy aswell. But no, the blocking admin is protecting his own friend, can't you see it? Btw, about my revert wars recently, it has been with socks to , and even to this day  he is reverting with his socks.",1,0,0,0,0,0
67af74ce5700a361,"STOP VANDALIZING FDNY PAGE 

Stop vandalizing the FDNY page.  It will be fixed everytime you do it.",0,0,0,0,0,0
aeefdc0c2e831c0b,"Band Members articles ==

Instead of having minuscule pages for each of them, why not do what the Arctic Monkeys page has done and have 1 page for all the members?  

==",0,0,0,0,0,0
a483d0c117332d38,That had more content and was going to be an article until you deleted it again dumbass.,1,0,0,0,0,0
786d8ca9b0bad3cc,"""
I was talking about them running any check they want on ME to disprove your claims.  I didn't know where you lived until you were silly enough to post an IP and connect your name to it. And yes you did post as an IP,  and other places. You added your name at the end of the IP.  And any fool can just enter """"locate x.x.x.x"""" in google and find where an ip is out of.  We even have some tools here at wikipedia.  YOU just outed yourself, which was quite foolish.   Now please stay off my talk page. You have accused me of doing what you so foolishly have done yourself.  - 2¢ © """,1,0,0,0,0,0
9039a5d815663c68,"User messages. 

Please do not leave messages on my user talk page.",0,0,0,0,0,0
c50d7ac5cb1215a9,"Hi 

Hi ben, wanna be my friend??",0,0,0,0,0,0
cd82e5a89945f52d,"""

Negal/Nergal
I did provide a citation:  that the spelling was given as """"Nergal"""" in the reprint in Weird Secret Origins, which you can see on Nergal if you haven't reverted it.  """,0,0,0,0,0,0
91e26c37b3d4ef2e,"January 2011 (UTC)

Thanks, this is exactly what I was looking for.  Could some of this text be incorporated into the article?  I think it would make the article understandable to many more readers.

  01:48, 11",0,0,0,0,0,0
99ea79c92e3e69f0,"I've done it, anyway.",0,0,0,0,0,0
d016017bcedc5d05,"FAT ass 

Why in hell did you block me. You need to go to hell you Fag   Ilovedirtbikes",1,0,1,0,1,0
03ebb03deb920216,"To Blanchardb 

You dumb motherfucker I am going to sue the shit out of you. Watch your back.",1,1,1,0,1,0
0f9d9b15b2cdadc3,And yet a bogus quote does . . . hmmm,0,0,0,0,0,0
ce635891eff84820,"Yeah, whatever. You are an arrogant deluded buffoon with a defective brain. Seek medical help.

Newsflash: Wikipedia is a disaster.",1,0,0,0,1,0
001810bf8c45bf5f,"You are gay or antisemmitian? 

Archangel WHite Tiger

Meow! Greetingshhh!

Uh, there are two ways, why you do erased my comment about WW2, that holocaust was brutally slaying of Jews and not gays/Gypsys/Slavs/anyone...

1 - If you are anti-semitian, than shave your head bald and go to the skinhead meetings!

2 - If you doubt words of the Bible, that homosexuality is a deadly sin, make a pentagram tatoo on your forehead go to the satanistic masses with your gay pals!

3 - First and last warning, you fucking gay - I won't appreciate if any more nazi shwain would write in my page! I don't wish to talk to you anymore!

Beware of the Dark Side!",1,0,1,0,1,1
bd8e068056c85d5b,""" 

And what about this https://en.wikipedia.org/wiki/Wikipedia:Articles_for_deletion/Voronezh_UFO_incident ? Seriously, i have the feeling that Wikipedia is """"stacked"""" against me. The article is OK, the sources are OK, their reliability is OK ... but there is always someone willing to destroy the work.   """,0,0,0,0,0,0
c604e333cda53ba2,"No, but hook-nosed kikes like yourself do. Massive ones.",1,0,0,0,1,0
c533ce6332333e2b,"Hey Harry, You are a fucking fag. There is nothing wrong with that. You delete all my edits because you know they are correct but are much smarter than anything you can come up with. Ps, you're a cunt. 144.132.144.57",1,1,1,0,1,1
49141976522ebd22,"""

the first one was vandalism, the second one he called me foolish (if you know my life story you would know that this is worse the all the 4 letter words combined for me) the third one ??? i dont know what that is about
 and the 4th one u know i used undo, not twinkleGold Dragon """,0,0,0,0,0,0
5b4300e98b41e98b,"Plot summary? 

Shouldn't someone, y'know...put up a summary of what happens in the film? I don't feel like seeing it myself...",0,0,0,0,0,0
006d11791d76b9f3,"REPLY ABOVE:
That was me, loser. The UN defines Vietnam to be part of Southeast Asia. And far as I know Vietnam is part of ASEAN, and used to be part of French Indochina with Laos and all those shit countries Anyway your culture has always been more influenced by SEA than Han Chinese (as in proper Yangtze Han Chinese, not the fringe indigenous tribes in Guangzhou/Guangxi). 

Just admit that you vietnamese are all a bunch of wannabe crap people. ALL the east asian people I've spoken to thinks of Vietnam as a very integral part of SEA, and we all think you're backward, dirty and speak in a horrible swearing language. Doesn't matter what crap you spout on Wikipedia, won't change the way people in the real world think.",0,0,0,0,1,0
5dd5bb579c02127e,"YOU RACIST! 

I'm gonna get the ACLU on you! I am a Latino, and you are reverting my truthful edits because I AM A LATINO! You sick KKK monstor! You and everyone on Wikipedia is gonna sit on a prison if you keep doing this!",1,0,0,0,0,0
a3f0a4615bac7390,"Nick GaS is coming back! 

It's coming to the UK! 
Cyphoidbomb is gay! 
It's coming to the UK! 
Cyphoidbomb is gay!",1,0,0,0,0,1
f084a91123305894,"Oh and even UnlivedPhalanx agrees with me

Here I will list all the sites again. 
www.metal-archives.com/band.php?id=6716 http://www.spirit-of-metal.com/groupe-groupe-Epica-l-en.html http://musicbrainz.org/artist/21985b14-1b0d-44fe-b357-310b29bba510.html http://www.metalstorm.ee/bands/band.php?band_id=208&bandname;=Epica http://www.thegauntlet.com/bio/1228/Epica.html 
The Metal Crypt.com

That's six sites to five a long with another editer agree with me. You people are a Joke. Six sites state other wise about them being Gothic Metal and you don't even give damn. You people don't care about facts at all. You don't care about anything but people who agree with you. 

Nice way to run a site. And you wonder why people say never to use this place. You fill it with one lie after another and when someone gives proof you throw it back at them telling them what they can and can't use and you change the rules to fit your needs. Your not making an Encyclopedia your making the most basied one side peaic of shit on the web. You run off people who know there stuff just so it can be the way you guys want it. 

No Encyclopedia dose. But way to go for having the most basied one side site ever.",0,0,0,0,0,0
118e208e1aef1d01,Robots.txt are the scourge of the internet. I should set up a crawler that ignores robots.txt files.,0,0,0,0,0,0
ffb749f5b64095e3,"""
Saying """"don't be snitty"""" is not a personal attack. It is a defense from YOUR personal attack against me.

Now me telling you that you are a pussy and need to grow some balls, now that is a personal attack.  I hope you enjoy it as much I did. -  """,1,0,0,0,0,0
355b855ce2e2f71c,"The Brits are generally dumber than the Yanks, they are basically fish and chips goobers, while the Russians are the smartest of all, especially in all cultural things.  You seem like a good guy although your picture is strange as hell.  With a face like that, I would not want you dating my sister, hell, I wouldn't want you dating my german shepherd  LOL",1,0,0,0,1,0
ee493e28224b9013,"Polypodium
The polypodium link goes to a plant page, not a jellyfish page.  Is there any reason for this?  How can an animal be related that closely to an archaeplastid?",0,0,0,0,0,0
06776dff307a1903,"""

 Legislation: European Union 

 The atricle claims: """"The European Union has ratified a law """"banning incitement to or denial of genocide"""" (both the Holocaust and the Armenian Genocide)."""" The source reads: """"The European Union has just ratified a law “banning incitement to or denial of genocide” (arguably including both the Holocaust and the Armenian genocide)."""" Some enthusiasts removed the word arguably when citing the source. 
 Let's have a look at the law itself. 
 Framework decision on combating racism and xenophobia
 Official Press Release
 Certain forms of conduct as outlined below, which are committed for a racist or xenophobic purpose, are punishable as criminal offences: ... public condoning, denying or grossly trivialising crimes of genocide ... as defined in the Statute of the International Criminal Court (Articles 6, 7 and 8) and crimes defined in Article 6 of the Charter of the International Military Tribunal, when the conduct is carried out in a manner likely to incite violence or hatred against such a group or a member of such a group.

 Example: Somebody publicly claims that an act of genocide, the commission of which has been established as a fact by an international court, never happened and was invented by the ethnic group concerned solely for the purpose of being able to claim compensation payments. This allegation would not only deny the genocide committed against the ethnic group concerned, but would also incite hatred against this group. In the future, all Member States would be compelled to criminalise such a case.

 Whether a specific historical crime falls within these definitions must be decided in each concrete case by the court which has jurisdiction. In the case of the Holocaust, for example, this was done by the Nuremberg Tribunal.
 As we see, the law is restricted to cases, when:
 the commission of genocide is established by an international court and
 the denial is carried out in a manner likely to incite violence or hatred
Is the commission of Armenian genocide established by an international court?   """,0,0,0,0,0,0
5479062a0abe121b,""" Threat =

I would apologize, but I have nothing to apologize for.

If you goose-stepping Nazis had common decency or half a brain, many of the edits you've been making, and the rationales for them wouldn't be made.

No wonder Wikipedia has become an absolute laughing stock throughout """"teh internets""""

cyclades

=""",1,0,0,0,0,0
55d9bfb6e746678e,"""

The dick who is editing with policy is also editing out of policy, by being arrogant, lazy and fucking up the functionality of the Image Workshop. His worrying obsession with NFCC#9 is his excuse for being a twat. he is deliberately making the workshop non-functional. For the IW to work properly we have to be able to either see or be able to link to the image being requested. Now Mr Dick esq comes along, deletes both the image and the link making the request impossible to deal with unless we go looking for an invisible comment hidden in the source code of the request. In spite of being told of 2 methods of maintaining NFCC#9 compliance and maintaining IW functionality Hammersoft refuses to use them. One of the methods only involves putting a colon at the front of the link. But will Hammersoft do this? No, he has refused point blank. This I firmly definitely and firmly puts him in the """"dick"""" category. His arrogance, his laziness, his Borg-like obsession with NFCC#9 and his truculence are disrupting a valuable resource with WP for no purpose. I would be grateful if you could copy and paste this as a response to his accusations at the incident board. Especially now you've effectively stopped me posting there. This is not an unblock request as I don't care one way or another, it's WP's loss if I can't sort out image requests for 24hrs, it's not my loss. This is a request though that Hammersoft either stays away from the IW or that he implements the methods we've informed him of.   """,1,0,1,0,0,0
d21bdffd879dc62c,"Stub and rework 
For background information, please see Wikipedia:Requests for comment/Jagged 85.
With 227 edits, , here, here or here. As the article has been created by Jagged 85 on 18 June 2007, there is no prior version to revert to. For this reason it needs to be stubbed completely.",0,0,0,0,0,0
7a0d2addaf87024a,"""

Content opponent? No, see this. Just a liar and hate-monger.   """,1,0,0,0,0,0
4b38acf3aee37fcc,What we at Toho Kingdom RULE! Shut up!,1,0,0,0,0,0
4cb3345aee610303,"Tyren Morrison Is A Sick Kent!! 

The Title says it all!! Tyren Morrison is probably the maddest cunt going around! all of the bitches should get on his D!! he is great!! All of yous reading this should be jealous! love his dick! okay bitches! LOVE IT!",1,0,1,0,1,0
5dff806b7fb75f7d,"England Society (Keele University) 

Regan, You have no reason to play any part in this article's deletion other than you're a narcissistic twat. Now get out of it.",1,0,0,0,0,0
88201d03bbc46a03,"221.133.205.155 likes to eat shit 

It's true!  He told me himself!",1,0,1,0,1,0
1cc708576770c5ca,"""

 A cup of coffee for you! 

  I love coffee!
   """,0,0,0,0,0,0
e895bfa24f2cb351,United States home front during World War II.  If there are no significant objections I'll move it accordingly in a day or two.,0,0,0,0,0,0
2f623068cff356bd,"I'm sure a collective term has been invented at some time in the past in the same way that it was once a popular hobby to invent such terms for groups of birds and animals, but I'd be suprised if anyone had ever used it in preference to 'people of Reading'. If such a term does exist, I've yet to come across it and I really don't think it would merit inclusion.",0,0,0,0,0,0
ddf8efca125b6d7e,"Removed line regarding academic rejection 

The sources which stand against Acharya S are not scholarly, but rather Christian Apologists.  2601:882:100:D7B0:D1FA:BE1C:3CA:AF52",0,0,0,0,0,0
7bcb5c6aefd6aa7f,Stuff this is ProSpace.  I am trying to help SpaceX.  I think the 3 of us share the same goal (success for SpaceX).  Can't we work together to help SpaceX?,0,0,0,0,0,0
0b438f2bcc2ddba3,"Gun Powder Ma]] 09:45, 30",0,0,0,0,0,0
60c9651477bc2421,"It looks good to me, but can you make the size smaller so that it is similar to other sizes of other userboxes. Other than that, it looks fine. Please tell me the final name of the userbox so I can put it on my page. Thanks again.",0,0,0,0,0,0
08d3ab339f4c803f,"WHY DID YOU DELETE AFROJACK? 

With the afros and the jackos and the ha ha ha.",1,0,0,0,0,0
61b201164d6295e2,"""

re: your message

Hi Nedim Ardoğa, I've left a reply to your message on my talk page  . """,0,0,0,0,0,0
a91ce039bce1acde,"In fact this was gaming the system Copying and pasting content I had written to user space and then getting a gullible admin to restore a deleted article with my content change is gaming the system, as I can now no longer edit that article. Pure genius you lot.",0,0,0,0,0,0
4a42b23aec7e393e,"""

 False accusations 

Kim, you have given me inappropriate & inaccurate labels regarding the info that I have added on the Mann talk page. I did not add anything false & included a reliable source. It's well known that you are heavily biased towards AGW in omitting data, being hypocritical & such. It's strange that your editing privileges have not been revoked. In removing my neutral comments, you claim that they are something that are not. It's almost funny how you claim that """"oil"""" does """"something"""" to counter AGW,m without any evidence. If there was a a god, I would know that you are going to hell, for being dishonest & immoral, but your days on Earth, in freedom [which you oppress] are numbered, until you go to jail or worse. You are a threat to liberty.68.180.38.25  (:-()>""",1,0,0,0,0,0
90815d0c772108bf,"""
If you'll forgive my pedantry, NPA means No personal attacks, which means I can't say """"Tom is stupid"""". When somebody says """"thank you"""" for an edit then reports me for making it, that is stupid, no matter what rules are in place. I didn't attack the user, I attacked an action - something clearly allowed under site rules.  •T•C•E• """,1,0,1,0,0,0
2cf073f3cdf5aada,"Please stop. If you continue to blank out (or delete portions of) page content, templates or other materials from Wikipedia, as you did to Essay, you will be blocked from editing.   
If this is a shared IP address, and you didn't make the edit, consider creating an account for yourself so you can avoid further irrelevant notices.",0,0,0,0,0,0
4f056f885409afd1,"Block of Neuromancer 

Your block of Neuromancer, and your reasons, are unjust and amount to bullying. I have read all of his arguments and they are in good faith, intelligent, and show no arguing or forcing of points. This really seems like a political issue. Shame on you.",1,0,0,0,0,0
4653f6e06d7ff37f,"""

 Reply 

Great! Nice to see you back. Did you see WP:CELTICS and WP:BOSOX? -  Favorite '''''Cookie """,0,0,0,0,0,0
9750d66506ff53ed,"Oh, yes it does!  We ought not forget that IPA symbols to sounds is not a one to one mapping.   is voiceless .  Saying that Icelandic doesn't have  is like saying French doesn't have , but just voiceless .  Futher supporting this, I have an Icelandic textbook which gives the pronunciation of the voiceless allophone of l as welsh ll, which is .",0,0,0,0,0,0
0c2757d81b75d443,Uncle douggie sound like a shirt lifter to me,0,0,0,0,0,0
cc55a40c9fa65cee,"""

I already added the citations that were needed. Some places said """"Citation needed"""" when there is no possible way to provide one. And note to Musicpvm (or whatever your name is), if you are such the expert on the English language then why can't you correct the crap yourself?""",1,0,0,0,0,0
32a6bdbfc270ebc1,"U SUCK!!!!
U SUCK!!!!'U SUCK!!!!U SUCK!!!!'U SUCK!!!!
U SUCK!!!!'U SUCK!!!!U SUCK!!!!'U SUCK!!!!
U SUCK!!!!'U SUCK!!!!U SUCK!!!!'U SUCK!!!!
U SUCK!!!!'U SUCK!!!!U SUCK!!!!'U SUCK!!!!
U SUCK!!!!'U SUCK!!!!U SUCK!!!!'U SUCK!!!!
U SUCK!!!!'U SUCK!!!!U SUCK!!!!'U SUCK!!!!
U SUCK!!!!'U SUCK!!!!U SUCK!!!!'U SUCK!!!!
U SUCK!!!!'U SUCK!!!!U SUCK!!!!'U SUCK!!!!
U SUCK!!!!'U SUCK!!!!U SUCK!!!!'U SUCK!!!!
U SUCK!!!!'U SUCK!!!!U SUCK!!!!'U SUCK!!!!
U SUCK!!!!'U SUCK!!!!U SUCK!!!!'U SUCK!!!!
U SUCK!!!!'U SUCK!!!!U SUCK!!!!'U SUCK!!!!
U SUCK!!!!'U SUCK!!!!U SUCK!!!!'U SUCK!!!!
U SUCK!!!!'U SUCK!!!!U SUCK!!!!'U SUCK!!!!
U SUCK!!!!'U SUCK!!!!U SUCK!!!!'U SUCK!!!!
U SUCK!!!!'U SUCK!!!!U SUCK!!!!'U SUCK!!!!
U SUCK!!!!'U SUCK!!!!U SUCK!!!!'U SUCK!!!!
U SUCK!!!!'U SUCK!!!!U SUCK!!!!'U SUCK!!!!
U SUCK!!!!'U SUCK!!!!U SUCK!!!!'U SUCK!!!!
U SUCK!!!!'U SUCK!!!!U SUCK!!!!'U SUCK!!!!
U SUCK!!!!'U SUCK!!!!U SUCK!!!!'U SUCK!!!!
U SUCK!!!!'U SUCK!!!!U SUCK!!!!'U SUCK!!!!
U SUCK!!!!'U SUCK!!!!U SUCK!!!!'U SUCK!!!!
U SUCK!!!!'U SUCK!!!!U SUCK!!!!'U SUCK!!!!
U SUCK!!!!'U SUCK!!!!U SUCK!!!!'U SUCK!!!!
U SUCK!!!!'U SUCK!!!!U SUCK!!!!'U SUCK!!!!
U SUCK!!!!'U SUCK!!!!U SUCK!!!!'U SUCK!!!!
U SUCK!!!!'U SUCK!!!!U SUCK!!!!'U SUCK!!!!
U SUCK!!!!'U SUCK!!!!U SUCK!!!!'U SUCK!!!!
U SUCK!!!!'U SUCK!!!!U SUCK!!!!'U SUCK!!!!
U SUCK!!!!'U SUCK!!!!U SUCK!!!!'U SUCK!!!!
U SUCK!!!!'U SUCK!!!!U SUCK!!!!'U SUCK!!!!
U SUCK!!!!'U SUCK!!!!U SUCK!!!!'U SUCK!!!!
U SUCK!!!!'U SUCK!!!!U SUCK!!!!'U SUCK!!!!
U SUCK!!!!'U SUCK!!!!U SUCK!!!!'U SUCK!!!!
U SUCK!!!!'U SUCK!!!!U SUCK!!!!'U SUCK!!!!
U SUCK!!!!'U SUCK!!!!U SUCK!!!!'U SUCK!!!!
U SUCK!!!!'U SUCK!!!!U SUCK!!!!'U SUCK!!!!
U SUCK!!!!'U SUCK!!!!U SUCK!!!!'U SUCK!!!!
U SUCK!!!!'U SUCK!!!!U SUCK!!!!'U SUCK!!!!
U SUCK!!!!'U SUCK!!!!U SUCK!!!!'U SUCK!!!!
U SUCK!!!!'U SUCK!!!!U SUCK!!!!'U SUCK!!!!
U SUCK!!!!'U SUCK!!!!U SUCK!!!!'U SUCK!!!!
U SUCK!!!!'U SUCK!!!!U SUCK!!!!'U SUCK!!!!
U SUCK!!!!'U SUCK!!!!U SUCK!!!!'U SUCK!!!!
U SUCK!!!!'U SUCK!!!!U SUCK!!!!'U SUCK!!!!
U SUCK!!!!'U SUCK!!!!U SUCK!!!!'U SUCK!!!!
U SUCK!!!!'U SUCK!!!!U SUCK!!!!'U SUCK!!!!
U SUCK!!!!'U SUCK!!!!U SUCK!!!!'U SUCK!!!!
U SUCK!!!!'U SUCK!!!!U SUCK!!!!'U SUCK!!!!
U SUCK!!!!'U SUCK!!!!U SUCK!!!!'U SUCK!!!!
U SUCK!!!!'U SUCK!!!!U SUCK!!!!'U SUCK!!!!
U SUCK!!!!'U SUCK!!!!U SUCK!!!!'U SUCK!!!!
U SUCK!!!!'U SUCK!!!!U SUCK!!!!'U SUCK!!!!
U SUCK!!!!'U SUCK!!!!U SUCK!!!!'U SUCK!!!!
U SUCK!!!!'U SUCK!!!!U SUCK!!!!'U SUCK!!!!
U SUCK!!!!'U SUCK!!!!U SUCK!!!!'U SUCK!!!!
U SUCK!!!!'U SUCK!!!!U SUCK!!!!'U SUCK!!!!
U SUCK!!!!'U SUCK!!!!U SUCK!!!!'U SUCK!!!!
U SUCK!!!!'U SUCK!!!!U SUCK!!!!'U SUCK!!!!
U SUCK!!!!'U SUCK!!!!U SUCK!!!!'U SUCK!!!!
U SUCK!!!!'U SUCK!!!!U SUCK!!!!'U SUCK!!!!
U SUCK!!!!'U SUCK!!!!U SUCK!!!!'U SUCK!!!!
U SUCK!!!!'U SUCK!!!!U SUCK!!!!'",1,1,1,0,1,0
1f9de57a7d25de95,it is an expression of how much he wants to put his todger up your tight girly snatch before breaking your mums back doors down!,0,0,0,0,0,0
b1c573f8e61aa3e7,"""Complaints are repetitive when they are not resolved.  You are showing personal opinion towards this comment and the users work and it is defamation of character and slander, which i'm not sure is against wikipedia policy but it is certainly against ic3 and fbi cyber crime  policy, not to mention a civil court issue. Simple terms, it's illegal.  I don't know what you are reading, but the user has posted what appear to be links from google, leading to books which appear to verify his claims.  I think they could of done a better job of keeping this clean.  I would refrain from personal judgements such as """"the user has no basic understanding of english grammar"""" """"the users work and publisher endorsement are nonsense"""" and to be snarky, the irony here, you claim the user has no basic understanding of the english grammar and punctuation, but in your post you state verbatim: """"you haven't even learned to sign the properly."""" what does this mean? care to elaborate and enlighten me? I'm sure op has learned this and can demonstrate this in a court of law, you might want to refrain from inaccurate assumptions about this user, this again is slander.  which you have violated 4 times by my count in one post.

""",0,0,0,0,0,0
838625767b4ebdd9,what happens mamas boy bitch steve,1,0,0,0,0,0
b75b7c97d04f424a,"You Are One Stupid Jackass
I don't believe any of the nonsense your profile for one second.  You need to stop listing absolute nonsense on your profile if you want to convince me, and others, you're reliable.  Only a dilweed with a very low IQ would be any of your fiction, you stupid jackoff.",1,0,1,0,1,0
bb07dd7f3c46de9b,Sarvajna I know you and Mrt have tag team relationship and use this to push your pro Indian and anti pakistani pov on articles but I am shocked that you try and endorse such ridiculous pov pushing on minorities in pakistan considering your all bleeding hearts and victimised on the anti-Muslim pogroms in India article such hypocrisy is hilarious 31.54.56.16,1,0,0,0,0,0
83c25e7c3276cd89,Oppose Iset? Crazy.,1,0,0,0,0,0
2ec6cf0b798d5edd,I dont give a fuck... it will get reposted so you think i give a flying fuck about deleting that article for a month or 2?,1,0,1,0,1,0
aad7994cb36e5185,Hate All Of You're Work,1,0,0,0,0,0
70a731c2efcb6504,"Hi Taelus: It was just taken care of already. Sincerely,",0,0,0,0,0,0
45618561f3915e7f,"You're right — and it was important to get this across in the article, i.e. that much of the debate was about philosophy not facts.  14:06, 30 Mar 2005 (UTC)",0,0,0,0,0,0
4bb184420681f00e,Please delete the section and direct the reader to video compressions as the section is not really how it's done or what it's for. Intra-frame is a a type of compression (one of two) and you are mixing up keyframes as used for video compressions and keyframes that are used for computer animation which can be variably placed as opposed to the GOPs which are only five frames and used universally in all temporal compression.,0,0,0,0,0,0
206b3b41b8ab4477,"Oppose: Quebec is clearly the official, as well as the most commonly used, English name.  Regarding the Indian example above, the official English name was changed from Calcutta to Kolkata.",0,0,0,0,0,0
65a8767abe3f22f8,"you are being an anonymous cunt. please either be a cunt with a name and a face (by registering, or at least participating in discussions on the talk page) or a regular cunt-free anonymous contributor (by not being a cunt)

THANK YOU FOR YOUR COOPERATION ~",1,0,1,0,1,0
e838d21317ca97fa,"do me a favor alan, 

 == == == == FUCK OFF == == == ==",1,0,1,0,0,0
ea595ae99e389401,"""

  -You can mention whining and abusive behaviour all you like, but I think you know the real reason that you are spending so much time on line, and so little interacting with people offline. You pursued me, and I don't care whether you hide behind a rulebook or not. You have absolutely no understanding of literature, or the arts. Unlike you, I actually work in that area.

You are a bully, and have been cutting a destructive swathe across Wikipedia for some while now. It is a pity that this entire website seems to be taken over by idiot savants, anal retentives and Asperger's types, but there you go. Quoting your beloved website:

""""The term anal retentive (also anally retentive), commonly abbreviated to anal, is used to describe a person who pays such attention to detail that the obsession becomes an annoyance to others, potentially to the detriment of the anal-retentive person.""""

 As for  - you're promoted above yourself, and are clearly unfit for your role. Try looking at both sides of a problem. You've screwed up this time, and should quit before you screw up other people's enjoyment of this website even more. I don't really care if I get banned by you at all, since you've got no power over me whatsoever. You need to spend more time off your computer as well and talking to people face to face. Get some fresh air.-  """,1,0,0,0,0,0
2c88e787b3933f56,"Never mind, but if you have time or are involved in the Macedonian or Slovenian Wikipedias, could you make a mirror article? Thanks. Alex",0,0,0,0,0,0
c57616479b022cc4,"Was there any point to your sarcastic, nasty remark?",1,0,0,0,0,0
f4d702f10c7f7f62,"Daily Closing Values 
Does any one know:  where can I find daily closing values (and change from the preceding close) of the DJIA going back to 1896?  In particular, I am interested to know IF  and WHEN  the DJIA ever had a daily change of 0.00 points from the preceding day.  In other words, were there days in which there was no change at all (0.00 points) between one day and the next?  Thanks.  ( )",0,0,0,0,0,0
97cae22db2c4fdd2,"Hey,  jack off. Are you the one who's got his head way up Wolf Hudson's ass?",1,0,1,0,1,0
3bc62c560e766445,What the hell is wrong with this thing ? why are my changes not showing?,1,0,0,0,0,0
601365ee5ab22cc0,"You seemed like you were going to be civil until you started accusing me of doing something off-topic, like taking CT out of New England or trying to prove that CT was not New England.  I was only proving that Boston is no business or cultural hub for CT.  I did that and you did not like it.  Those are the facts.",0,0,0,0,0,0
905573786373e69d,Have fun in Hell little Fascists69.14.97.53,1,0,0,0,1,0
4e366a5778e1b5b4,Are you trying to dispute that fact?,0,0,0,0,0,0
0397f5c04083e684,"""

One more point. I see that you have tried to suppress a link to www.arvindiyer.com. I find it inconceivable that Arvind Iyer wants that information hidden: if he did, why would he keep the web site in existence? The editor who uses the pseudonym """"""""  """,0,0,0,0,0,0
041dce2fa6038f82,"It was not been written as a commercial work, so is not copyrighted, and in the Public domain.",0,0,0,0,0,0
b0bbe5ca3a9a08ff,""" (UTC)

Images were recently removed but do not fall under the category of """"don'ts"""" according to Wikipedia (gallery at the end of the article). Many articles, one in particular is Christmas lights, have image galleries whether about events or scenic places. I feel this removal was done in spite based on disagreements below. Regardless, it is not my interest to get my way or keep anything that is not in line with Wikipedia standards, but it's the principal of the matter that it is not productive/constructive nor a clear violation. Anyone else, other than those already involved, who can give their input so a consensus can be obtained? Thank you! 74.62.92.20  06:19, 6 December 2013""",0,0,0,0,0,0
2b9f5d2bb9c1a8f7,"""
ok sorry about the spelling issue, changed. talk→    """,0,0,0,0,0,0
42193b2a787439cf,How about you shut up then!!!,1,0,0,0,0,0
38c7a76469706833,It isn't really that much of a surprise  if you read the home hemodialysis article which is referenced out the wazhoo.  There is a nocturnal hemodialysis article already it redirects to HHD. -)  There is a good deal of observational data to suggest NHHD is better than CHD. The naysayers want a study... so it is happening. I ref'ed the pilot study (of the JAMA article) in the HHD article see ref 14.   T|C,0,0,0,0,0,0
4027b2deeabcf405,"Hey, what i DID WAS A MISTAKE, MY COMPUTER IS GLITCHING OUT AND U WIKI NERDS R LIEK FREEKING OUT. SO YEAH",1,0,0,0,0,0
849808113e4fae0f,"""

 Ages 

I have replaced the birth date and age with birth date and age2 template which gives the age of players at start of tournament, which is a permanently useful stat, as opposed to their current age which will look silly 20 years from now when it shows some of them pushing 50!. One thing tho', some are day first, some are month first. The inconsistency looks untidy. ClubOranjeT """,0,0,0,0,0,0
0aa7fc5c55b1b9f0,"fuck you 

you're an idiot",1,0,1,0,1,0
12a8012e3cec664d,REDIRECT Talk:Dirty Duck (comics),0,0,0,0,0,0
78f5c45257610d61,"""

 Nonexistent Image in """"Name"""" 

The image () in the section called name doesn't exist. We can't have something red like that mucking up our featured article. Perhaps we can use  instead.   """,0,0,0,0,0,0
b7dda642e091bcd9,"Hello

Hello my retarded ugly boy, you think you own wikipedia and edit pages but don't be fooled - you will be crushed and I will show you that you don't own the internetz. Wikipedia is for everyone and you can't control all the pages.

Douche.",1,0,0,0,1,0
1314a0a252fe123c,"Says you. That's your opinion only. All of the many editors who have reverted that content for four years disagree with you. And no content is acceptable if the sourcing fails or if it's unsourced. And vocal ranges are most certainly not lead-worthy. If you want to discuss this, do it on your talk page, not mine. 76.189.121.57",0,0,0,0,0,0
891c83d5d71d2978,"Hello 

I make the internet suck Ok bitch face and you are going to die oneday even if it's of natral old age",1,0,1,1,1,0
e3facee57ac0a713,Just going on TV doesn't mean you deserve a Wikipedia page and there has been no official proof of any of her threat claims as of yet. Wikipedia is a site where things need to be proven and verified. Not for hearsay.,0,0,0,0,0,0
0613abbce548f408,"Oh, what do you think, idiot?!?",1,0,1,0,1,0
14a0d156a22db17b,"""

 The Burke Group 

In response,  I never provided where he went to school.   I added  he is a J.D.    RAther than delete he is a J.D. (Juris Doctor)  then refer to him as Dr.  David Burke?  A J.D. is a Doctor of Jurisprudence same as a Ph.D.   Why do you allow personal information that's good for you but not for others who might be interested in knowing more?  He was important enough to post an article so why do you think any reader will be satisfied with a sum total of data saying  he owns a rental property in Agoura Hills with a meaningless political contribution?  The property posted is a rental  where he no longer lives and maybe never did.   How is that useful in an article about organized labour? You said it yourself the article should be about the company.  But in actual fact, he IS the company.    He's a flight instructor whom I know from our FBO (Flight Base Operation).  Lots of people know him.   He hasn't contributed to Republicans for years.  Look at the site you  provided!!  Last one was 2004.  Why continue to keep outdated useless information?  The article cited by Dr. John Logan, a very learned fellow, contains some useful info but also contains factually incorrect information. Even he can make mistakes.   I am a lawyer and Logan is a British economist, and may understand E.U. law but does not understand U.S. labor law.  Just because he writes about it does not mean he understands it.  There is NO newspaper article about CDN that says employees were awarded from the Court of Appeals.  He wrote incorrectly.    The citation provided which corrects his article  is  from the court dockets.  Which is a better citation?    I provided the citation from  the law firm that WON the civil case against CDN!!   I removed nothing  about the case itself.... only corrected the information in such a way that the non legal lay person could understand the fundamental differences between NLRB law and DOL law and civil actions filed with the District Courts.   What John Logan wrote that you cite is liking saying someone was cited by the F.A.A. but tried at the D.M.V.!!!  Are you British?  F.A.A. is Federal Aviation Admin. and D.M.V. is Dept. of Motor Vehicles.  They are not related anymore than NLRB is to District Court or civil cases..   Burke works in NLRB jurisdiction and the case you cite is a Civil Action in District Courts not related.    If you want CDN  discussed,  first part is fine but the civil action is not.  there should be another topic developed in wikipedia for CDN.    Logan's article  used as a citation  lacks any credible legal citation connecting Burke to the civil case.   Only a legal citation should be used.   There are none available.    DJB is a very well known person and lots of lawyers both company and union know him. No matter which side of the aisle...this information is flawed.    If you are going to discuss legal issues then get them right.  Am I being picky?  Yes.  Inside the law you can't just throw something at the ceiling and hope it sticks.   Deleting FACTS for FICTION is beneath the dignity of what Wikipedia has strived to promote.    Why do you say the article contains everything anyone needs to know to justify deleting contributions?   How is that possible when Wikipedia is an opened forum for knowledgeable people to build and add more?  You think the sum total for the reader should be that Burke owns a rental property in Agoura HIlls?  How is that related to THe Burke Group?  Please stop  the generalities and provide  3 facts I contributed and tell me EXACTLY how the citation or """"tone"""" can be improved and let me do that.  Also, please define what is meant by """"tone"""".   By the way...are you a Wikipedia staff editor or administrator?  Thank you.  arabianrider  """,0,0,0,0,0,0
ddd1b87c6a5fe6a0,"Bug in pseudocode and implementation 

This looks wrong for the case where either the left or right set has multiple matches for any single row in the other set.
Given simple result set 
Left(A,B,C,D)
Right(B, C, C, D, E)
This code would give (B, C, D) while the correct result is (B, C, C, D)",0,0,0,0,0,0
d0f127ee06e3289c,"""

Hi

No, I am a Khalsa. I feel sorry for you because you are misguided in your edits. As a Sikh I live by Guru Gobind Singh's teachings, as Guru Gobind Singh said, """"A Sikh has high Wisdom but is humble"""". We should respect everyone the Guru would be horrified if we did not respect & help everyone. A Sikh is NEVER aggressive, rude or offensive and we are ALWAYS flexible, open-minded and help our fellow human brothers. The only exception is on the battlefield in war, where you fight as a very last resort in self-defence. If you are a Sikh then you are brother then I will help you. Those RSS idiots have got nothing to do with this.  """,0,0,0,0,0,0
08acc5d9d599b41c,"Mark. Your semen is not viable. Were you to procreate, the children would be homosexuals. Do no procreate Mark, enough is enough.",1,0,0,0,0,0
e7d570373680d485,"Congratulations! 

Your furious defense of the racist propaganda posted by Sitush & Co. makes me wonder whether you are his homosexual wife. So, are you gay? There are many other easier ways to do it. You can protect the article and give exclusive edit rights to the trio. I don't know why you are having such hatred towards us... may be because some of you were illegitimate children produced by Nair fathers.. is it so?",1,0,0,0,0,0
2659efc88eaa018e,"André the Giant 

Boyfriend, that guy is 7 feet tall so change it quickly!!!",0,0,0,0,0,0
71eb7f133c7128f1,I am leaving this page now as it is not worth staying.,0,0,0,0,0,0
37f3ddfc6616aed0,Is an elf with its head between its legs a goblin?,0,0,0,0,0,0
bc684e079e627da2,"Is something wrong with you, you piece of shit? Are you even looking at the edits that you're reverting?",1,0,1,0,1,0
a71bef226d9097b3,"you accuse me of vandalism, i'll vandalize yo face, nigga",1,0,1,0,1,0
e43474521b001d35,Stop talking you stink of penis breath.,1,0,1,0,1,0
c63a8b61f3165b28,I don't fucking understand.,1,0,1,0,0,0
220fb10fca352122,"""

 You're a liar! You have been lying all along including today, and right here above! Gurubrahma, please see the following examples of lies from just today, and here I'll quote what I wrote to him earlier: 

 Kindly please stop lying if you wish me to stop pointing out your lies. It's very rude and disrespectful when I spend my time citing verifiable and reliable sources and you just lie outright, nevermind content, but even on just simply what's happening here, and here's an example of just how you just now did it before requesting that I stop calling you """"liars""""; from Wikipedia:Wikiquette_alerts#December_8, I quote your statement and my reply to it:

 QUOTED: """"I hope that now since all editors have reached a consensus on the article, and have tried to explain you in clearest possible words the difference between numeral symbols and numeral system, you would play a more constructive role. Thanks.   

 QUOTED: Why are you lying again here? yes, lying! As you had been doing for quite some time now and as I have pointed out. The dictionary defines a lie as """"1. A false statement deliberately presented as being true; a falsehood. 2. Something meant to deceive or give a wrong impression."""" First of all, """"all editors have reached a consensus on the article"""" is a demonstrable false statement that you should know is not true and that we're having this exchange here is evidence enough that it isn't, nevermind others. Second, here's your other BIG lie, you say others """"have tried to explain you in clearest possible words the difference between numeral symbols and numeral system"""", Oh really? why don't you tell everyone here that it is I who made the clearest distinction and as far as I remember and see on the page I was the first to make it between numeral symbols and numeral system, and you should know because you have been around. I clearly distinguished in my first post between the Arabic Numerals (1, 2, 3, 4...) and the Hindu-Arabic Numeral system in a paraphragh that begins with """"- For a start,"""" Talk:History_of_Indian_and_Arabic_numerals#RFC_2 and you should especially know, not just because youhave been around, but also because what you quoted above happens to be just the paragraph under it!  And again I made the distinction in """"the clearest possible words"""" when I proposed here, as my first(!) point in an suggested outline,  Talk:History_of_Indian_and_Arabic_numerals#Suggested_outline.2C_please_consider_and_discuss """"differentiate a specific numeral script (eg, Arabic Western, Arabic Eastern, Devanagari) from the numeral system (ie, Indian-Arabic, which includes many numerals scripts), the rest of the article should maintain this, it should also keep in mind what the readers may have searched for when looking up this article and cater for those needs (eg, is the reader looking up the Arabic Western numerals script or the Indian-Arabic Numeral system?)"""", and then again zocky, who prefers my version and is against yours, made the same disctinction Talk:History_of_Indian_and_Arabic_numerals#What_this_page_is_about. The dictionary defines a liar as """"One that tells lies"""" and """"a person who has lied or who lies repeatedly"""", if you want me to stop calling pointing out your lies stop lying! csssclll ()""""

 In addition, I did *not* start the POV fork (Alternative views on Arabic numerals). 

 In addition, you are being misleading and also lying about the following """"I replied to his comment at Wikipedia:Wikiquette_alerts#December_8, and at 22:08, asked him on Talk:Arabic numerals to respond to my comment at Wikipedia:Wikiquette_alerts#December_8. At 22:09 he said he had already replied on that page. I replied at 22:10 saying he hasn't. At 23:38 he posted a reply on Wikipedia:Wikiquette_alerts#December_8, and then posted a message on Talk:Arabic numerals claiming that I was blatantly """"lying"""" at 22:10 when I said he had'nt replied. Obviously, anyone who would look at the timings will take a second to figure out the truth.""""... Why do you not mention that you replied to someone else on Wikipedia:Wikiquette_alerts#December_8 at """"deeptrivia (talk) """", which I later on found and I replied to you at """"csssclll()"""", which you should be aware of because you replied at """"Thanks. deeptrivia (talk) """" but you don't mention this above!! ~Why don't you mention it?! You came to Talk:Arabic numerals within less than 5 mintutes and you posted at """"deeptrivia (talk) """" """"csssclll, unless you finally decide to read what others s",1,0,0,0,0,0
ff7ef80ee62bbcf6,Thank you Squiddy! (but I still think it will get reverted just because I'm a sceptic!).,0,0,0,0,0,0
d0e139597e5eb9a6,"""

Also, everything you linked to Dennis Brown, was quite obviously meant as humor. """"ALL I DID WAS TELL THE TRUTH ABOUT COAL WITH SOURCES. Those who blocked me ARE IN THE POCKET OF BIG COAL AND I EXPOSED THEIR NEFARIOUS plots. Please FREE KINGSHOWMAN!"""" 

Don't Wikipedia editors catch obvious attempts at humour? Perhaps you didn't find them funny, but they were meant as attempts at levity during the heated so-called """"Coal Wars"""". I was also not entirely alone in the position I took there on coal which was simply that a paragraph needed to be added to the lead to reflect Coal's Health and Environmental Effects. I wasn't taking an unreasonable position, and you will now see, that thanks to my tireless, thankless efforts to improve this encylopedia, that information is now in the lead on Coal. (not through reverts by me, but by others who agreed with my position.) I have not edited coal since my block, so I'm not quite sure how it makes sense to blocvk me again for something that I haven't gone back to doing.

Also, I did not harrass Flyer22. She harrassed me. May I relate the course of events,  which you may verify? First of all, I stopped communicating with her since she requested that I do so. Second of all, she got steamed because I added a paragraph on Nietzsche to her """"Happiness"""" article under the section """"Philsoophy of Happiness."""" Arguably (as other editors agreed) Nietzsche may have something valuable to say here, and I very quiickly made a summary of the SEP article on Nietzsche's moral philosophy on this topic. No, it wasn't perfect and the referencing could have used improvement, but it was better than omitting it and leaving readers with a somewhat one-sided impression of the Great Philosophers on Happiness. Flyer22 reverted my edit, giving a basically spurious reason: """"Unsourced"""" as I recall. But it was directed to THE MOST RELIABLE source on Philosophy, by general and academic consensus, the SEP. It would in fact be very easy to improve a great deal of Wiki Philosophy articles by just having editors sum up information from this wonderful free, peer-reviewed, academically rigorous resource.

Then, withouit provocation, after I asked her what exactly she found problematic about including Nietzsche in a list of philosophers who have written about Happiness, including similar statured luminaries like Augustine, Aquinas, Aristotle, Mill, etc. she responded, not by listing what was wrong with my Happiness edit, but by telling me """"ALL OF YOUR EDITS ARE POOR, PURE AND SIMPLE. YOU ARE A POOR EDITOR."""" I thought this was rather rude and ignorant, especfially as she saw fit to specifically attack my Hume edits (when Hume was not under discussion) telling me """"your edits on Hume largely consit of such (read=poor) edits and I'm tempted to revert them."""" Since I hate to see a poor soul suffering under the weight of such crushing temptation, I gave in to the temptation myself, and deleted all of my contributions from this encylopedia. Within hours, a throng of rebellion began to emerge,. a grass-roots protest movement which demanded the immediate return of all the much-loved Kingshowman edits to the encylopedia. Editors rushed to my defense. I told Flyer22 to eat crow and admit that, contra her opinion, my Hume edits and contributions to this beloved tome of knowledge were not so poor after all. She declined and escalated her attacks. She was the one who harrassed me, and I thought we were done with this sordid little episode until she popped back up, eager to participate in the latest round of mob justice.   Kingshowman""",1,0,0,0,0,0
48c6f0cc70fda362,"Atlant is a spectactular idiot, superseded only by yourself.",1,0,0,0,1,0
a648fbd179e25da0,"""
Thanks for the support Grundle. No worries. I need to get some stuff done anyway. The claims of """"personal attack"""" and """"harassment"""" are bunk of course. But 2/0 has, unfortuntely (past experiences suggests he's a decent fellow) been quite active along with Jehochman in carrying out a reign of censorship against those with opinions they don't share. This abusive behavior is damaging to the encyclopedia and is anti-intellectualism of the worst kind, but not much different the Climategate nonsense we've seen. Dishonest, misleading, misinformation campaigns like these are very harmful to the pragmatic solutions to protect the environment, so it's pretty disheartening that somemthing I'm involved in, Wikipedia, is being abused to this extent. The dishonest manipulation of sources, the smearing, and the bullying cabalism are very discouraging. But the world is not a perfect place. I smiled at a few of the discussions on your page. Your good cheer, good faith and patience is an inspiration. 

Please check with User:Drmies about the Markus article. They are both indigineous to Alabama and very likely know each very well, although I don't know how intimately.   """,0,0,0,0,0,0
9e7ad3f91915ff5a,Real Evil Little C U N T,1,0,1,0,0,0
e149ae69a02e1bf0,"""

 You stupid S.O.B. 

Stay away from my page, you are a sarcastic moron and a hypocrite. Don't try to advice myself regarding an minor incident, you are disturbing my self on an issue outside wikipedia, there are facts to be proven. Such hypocrites (like you) have no real reputation in real world, I'm acting on anti fascist and anti terrorist propaganda not from any extremist or bias perspective. I don't care how much you bother my self still there are methods to post on wikipedia without an account. However  trolling is not a harmful action, different people has different p.o.v.s. Further on you P.S; Wikipedia is not something to be expanded through discussion or being bold. Literary it is an communication method of which leads others to overcome questions in real life or practice contemporary issues such as terrorism, politics or religious extremism. Although you have reverted my last edit on your talk page. That means you don't have a real points to be discussed except condemning my self and dissing. Fuck you hypocrite. Summon """,1,0,1,0,1,0
39b2a1351f768bcd,"Congratulations! 

Congratulations, Soul phire, you have won the asshole of the year award! You won this award by harassing users in the past and saying hateful things about and to them! In order to claim your award, you must call 1-800-Asshole (1-800-277-4653)! Once again, Congratulations for your win!",1,0,0,0,0,0
1cac82f24c76f826,"By no means are you being an asshole, but I do understand the implications of what you're saying; I just don't agree since every measurement is given on first use. So I'd expect an Australian to understand one of my articles on a pre-metrification Australian ship just fine. Your argument, and that of the MOS itself, has a great deal more merit when no conversions are given so that people can't grasp the scale of things properly. Since my articles can be fully understood by people on both sides of the Imperial/metric scales, I view it more as a matter of taste. And, quite honestly, since I have a large number of FA, A-, and GA-class articles under my belt, most reviewers seem to agree as no one's ever challenged me on this particular point before.",1,0,0,0,0,0
1240a63847e56a4d,REDIRECT Talk:Leader of the Labour Party (UK),0,0,0,0,0,0
f7e4992a706e6874,"""The virus was written as a proof-of-concept by a group of virus writers known as 29a and sent to anti-virus groups. Because of this, it should not be regarded as a security failure of either Bluetooth or the Symbian OS. It has not propagated 'in the wild'. Brilliant. """"Nobody broke these locks in public this time they really are secure.""""

""",0,0,0,0,0,0
8c274602b922cf84,"FUCK YOU ALL! 

GO TO HELL!",1,1,1,0,1,0
577414cc2446ba24,"""

AfD nomination of Mía Colucci
Mía Colucci, an article you created, has been nominated for deletion.  We appreciate your contributions. However, an editor does not feel that Mía Colucci satisfies Wikipedia's criteria for inclusion and has explained why in the nomination space (see also """"What Wikipedia is not"""" and the Wikipedia deletion policy).  Your opinions on the matter are welcome; please participate in the discussion by adding your comments at Wikipedia:Articles for deletion/Mía Colucci and please be sure to sign your comments with four tildes (~~~~).  You are free to edit the content of Mía Colucci during the discussion but should not remove the articles for deletion template from the top of the article; such removal will not end the deletion discussion.  Thank you.   """,0,0,0,0,0,0
4b8ae3daa22b743b,"I have to apologize - with 24 hours I assumed edits made in the course of one day, so I only looked at the day of the month.  I will be more careful in the future.  It would help if there were some warning notification by Wikipedia whenever someone reverts something for the 4th time inside 24 hours. I would think this would be a very simple check to implement programatically and would prevent mistakes like this from happening.",0,0,0,0,0,0
0e2260d1b36e4e46,Sheer stupidity ! Are you being foolish for the sake of it or just simply obsessively deceitful and obstructive ? He was playing and training there in LA every week for 5 years with Los Angeles Galaxy. The article itself states he was with LA for this entire period. His family was living there as well. Where are you claiming he was living whilst he trained every day in Los Angeles for 11 months of the year !!!!!!!!!!! Did he get the bus from Hertfordsgire every morning for training LOL That's the nonsensical and fallacious garbage that is presently there.,1,0,0,0,0,0
081924503c1361a7,shut up Katie your not even real,1,0,0,0,1,0
a4d78fc9e335afdc,"Hi 

ru:%D0%A3%D1%87%D0%B0%D1%81%D1%82%D0%BD%D0%B8%D0%BA:Alex Smotrov
You want a fuck or dick? whats problem?",1,0,1,0,1,0
ceb0897b661c08bb,"""

""""Mine is the true revolutionary method. If the people of the empire refuse, as I believe they should refuse, to render military service - if they decline to pay taxes to support that instrument of violence, an army - the present system of government cannot stand."""" - Tolstoy

RJ11, in the quote you gave, Tolstoy answered, """"No; he ought not voluntarily to pay taxes.""""  So he did support tax resistence.  I think you have misunderstood the rest of the quote due to the non-standard use (or translation from Russian?) of the word """"resist."""" (which is understandable, unless you'd read the book.)  In """"The Kingdom..."""" the word """"resist"""" means the use of violence or evil.  I.e. chapter 1 title: """"THE DOCTRINE OF NON-RESISTANCE TO EVIL BY FORCE..."""".  Then he quote William Lloyd Garrison and Ballou:

Q. Ought the word """"non-resistance"""" to be taken in its widest  sensethat is to say, as intending that we should not offer  any resistance of any kind to evil?

A. No; it ought to be taken in the exact sense of our Saviour's  teachingthat is, not repaying evil for evil. We ought to  oppose evil by every righteous means in our power, but not by  evil.

The quote you gave, RJ11, means that Tolstoy supports non-violent tax resistance, but not resistance such as mugging tax-collectors.""",0,0,0,0,0,0
fe6f3711c20784bd,"""

Coaches category
No, I don't know, sorry. I had a look through the various WP pages on categorisation but couldn't find anything helpful. You don't want to split the article into individuals rather than family? ~  • talk • """,0,0,0,0,0,0
bd6b90b3bb205fde,"""You could care less about """"giberrish"""" but guess what, nobody comes to wiki to get the schedule of an airline. Maybe you should reevaluate your motive and quit taking the easy way out by editing fleets and destinations, which are two issues that are minimal impact and are open to multiple sources (especially concerning fleets) """,0,0,0,0,0,0
332d75516174c0d1,"Leave our country. 

We don't want you Arabs here.",1,0,0,0,0,1
1cd924e617b475a2,"You're a smug, disruptive asshole.  I can't believe you're monitoring my talk and userpage so closely as to be replying 10 minutes after I do.",1,0,1,0,1,0
c72720bfea61e462,"Ill take that as a yes. Please check my edits yes I reverted your talkpage edit by mistake, within a minute I reverted myself. accidents do happen. Also you need to read WP:NPOV. As for not editing talkpages I have more talkspace edits than you have total edits. βcommand",0,0,0,0,0,0
060cbd6622d2cbf9,"Your School 
hey you go to churchill, do you know a guy named Ahmad Thobani?",0,0,0,0,0,0
941b75c369456b06,"""
Note also probable block evasion as  雲‍水 """,0,0,0,0,0,0
eef92c57a608563a,"At any rate, I still think you are a fuck face.",1,0,1,0,1,0
c9ecb93f83a794ae,"Hello, Anne. 

You always were a bitch.",1,0,1,0,1,0
78585ad84829909e,"I'll just wait. I've already got a list of edits that will only help to make multiple soap pages much, much better. Thank you for your time, .",0,0,0,0,0,0
90a4d3530f1d054f,"Stop editing my talkpage 

You have overstepped the line. Your warning is inappropriate and your reverts are even worse. Stop now. 98.92.187.224",0,0,0,0,0,0
15b6fd032e614001,"DUMB ASSES
It's was my sockpuppet...joe hazeton... you guys are out of control..... i am making a folder which will be submited to higher athority, one above the GOD KING JIMBO.... I WOULD STRONGLY SUGGEST YOU FIGURE IT OUT FAST...I DON'T MR BH will LIKE HIS FULL NAME PUBLISH ON WIKIPEDIA AS A NON-NOTABLE WITh charges of slander and libel forthwith...  JOEHAZELTON...PS I DON't KNOW BRYAN OR DINO",1,0,0,0,0,0
437a032cc687027c,"Place
Somebody know where is Aguz (Souira Guedima)?Bokpasa",0,0,0,0,0,0
66e0c8d98b3f1b77,"Fuller's Account of Battle Date 

The battle date is shortly after June 21-22, 168 B.C., after a recorded eclipse of the Moon, but the exact date is not known, according to J.F.C. Fuller.  The Macedonians reportedly had some kind of outcry that defeat was at hand for them until the eclipse passed, and the Romans were given an explanation that the eclipse is part of nature and natural, so the Romans did not panic.",0,0,0,0,0,0
7f00b4c7b73ca9fd,"Nice work, I noticed the Doctor is/was missing from the Bacon mania merge discussion at Talk:Bacon#Merge proposal...I am looking forward to seeing the upcoming AfD that might come of this...",0,0,0,0,0,0
dace644f1248364e,"""

Oppose merging  """"Notable"""" nonetheless and """"notability"""" is permanant, etc..  """,0,0,0,0,0,0
cd62283cfe430f72,"SWOT analysis 

This source – Align Technology, Inc. SWOT Analysis. (2013). 1-8. – is used 11 times, with no indication of how to find it or whether it's a primary source (I assume it is), so I'm going to remove anything sourced to it. Leaving this note in case there are objections.  (talk)",0,0,0,0,0,0
86e34c5305f2a91e,""":::The rude bastard ignored my private email to them as well. In it, I pointed out that since I was unable to defend myself against some horrible little troll called  who told me to go fuck myself in an edit summary and was grave dancing, perhaps they would be so kind to block them seeing as they were been incivil to me, like I was apparently to Caden.   But no it appears that Future Perfect Sunrise has double fucking standards.  It wouldn't be the first time in admin has displayed such disgusting double standards, and I'm sure it's not going to be the last. Future's Perfect Sunrise, it appears, is not so fucking perfect after all, and is instead a filthy overcast skyline full of hypocrisy and double standards.  talk 
""",1,0,1,0,1,0
707a542859bec6f5,"Stop

Stop kissing a** so much.  Be your own man.

DrJoe",1,0,0,0,0,0
8ce0e9e88b438e21,"wishing the best for you
I know that there is drama going on between you and sports and politics, but i think that maybe this proposal may be helpful to either stop or stifle the drama, because i've seen a plethora of cases similar in nature to this one and they usually end either in a block, topic ban or an indef.  Because i really would not like to see either of you get any of those three on you, my suggestion is that you and sports & politics stay either away from the 2012 olympics article for a short while, or else just stay away from each other.  I don't clame to have any special status, i'm just offering this advice to you two based on what i've seen go on on an/i over the past 5 to 7 years.  i also posted this suggestion on s& p's talk page.  best wishes, 199.101.61.190",0,0,0,0,0,0
ad53cf356c5ef0f8,"My real advice is don't be a dick. I have nothing further to say to you or your baseless threats and rantings. You are out of line and have been for ages. I am NOT going to go google something to substantiate a claim that you made! I am sick of the way you have been treating me, talking to down to me and insulting me. Pathetic. If you can handle substantiating claims, then don't make them. You have been attacking me through out and turned this talk page into a crusade against me rather than focus on the topic. You clearly have psychological issues. You have proved nada, only substantiated my claims. And I firmly stand by them. I have raised valid concerns. You have nothing but evaded, attacked, been incivil and then go around calling people dicks. Feel free to take it anywhere. You are in the wrong and clearly you don't understand how to talk to people.",1,0,0,0,0,0
392a1697143d4c50,"""

 Wikipedia sucks. 

All of these """"post monitors"""" or whatever the hell you asshole are, you suck. You really ruin wikipedia. If I can't even be in control of my own fucking page, on a website where you're free to edit and add input to anything else, is fucked up. Fuck you all, you're all huge faggots. Go ahead and have a power trip on me, you fucking bitch ass pussy.""",1,0,1,0,0,0
dab7429f06f92219,"and many albums often contain different content or arrangement depending on which region it is released in, it doesn't warrant a different fucking article!!! it is not a totally different release.",1,0,1,0,0,0
f549063000c1d02c,Please do not trash up the article making it look like crap with all those boxes when you have not even given me time to finish. THANK YOU,1,0,0,0,0,0
15be2045a73859f5,"You're a motherfucking prick! 

So, you don't agree with my comments on alcohol, huh? Well, I don't know where you live (if I did, you'd be dead by now), but you fail at life for supporting alcohol. Go kill yourself, you asshole!",1,0,1,1,1,0
6bae7b7842ad5be0,F__K YOU WHINY-SISSY COWARD HACKER TROLLS AND FREAKS.  YOU ARE ALL FAT PASTY PALE COUCH TOADS WHO NEVER GET LAID AND WHACK OFF ONLINE.  GO F__K YOURSELVES,1,1,1,0,1,0
eda1a2a4009f8f5f,"""
Hi Arunbulla, and Welcome to Wikipedia!  
Welcome to Wikipedia! I hope you enjoy the encyclopedia and want to stay. As a first step, you may wish to read the Introduction.

If you have any questions, feel free to ask me at my talk page — I'm happy to help. Or, you can ask your question at the New contributors' help page.

  
Here are some more resources to help you as you explore and contribute to the world's largest encyclopedia...

 Finding your way around: 

 Table of Contents

 Department directory

 Need help? 

 Questions — a guide on where to ask questions.
 Cheatsheet — quick reference on Wikipedia's mark-up codes.

 Wikipedia's 5 pillars — an overview of Wikipedia's foundations
 The Simplified Ruleset — a summary of Wikipedia's most important rules.

 How you can help: 

 Contributing to Wikipedia — a guide on how you can help.

 Community Portal — Wikipedia's hub of activity.

 Additional tips...  

 Please sign your messages on talk pages with four tildes (~~~~). This will automatically insert your """"signature"""" (your username and a date stamp). The  button, on the tool bar above Wikipedia's text editing window, also does this. 

 If you would like to play around with your new Wiki skills the Sandbox is for you. 

 Good luck, and have fun. """,0,0,0,0,0,0
c2569ca2b59b3cba,Stay in the closet.,1,0,0,0,0,0
4bd89d801e21d39e,"Clarification 

I think this should clarify that the sai does not actually originate in Japan. The design is just another variation of the trishul, just like the katar has various designs.

http://defenceforumindia.com/forum/indian-army/7479-ancient-indian-weapons-great-indian-culture-2.html",0,0,0,0,0,0
0bfcfaa6c3087f2c,"Aircraft compliment? 

Why does it say over 75, then claim it's going to be larger and thus can hold more aircraft than the Nimitz class? The Nimitz class can hold over 90 aircraft. Doesn't make much sense to say it can hold more than the Nimitz then give the aircraft compliment as less than what the Nimitz can hold.",0,0,0,0,0,0
d8f957c65b083dc6,You are a cunting cunt,1,0,1,0,1,0
031d034d49b7f4df,"""

Yup.  I wonder as well.  I also hope that soon the coroner's report is released, and """"all hell breaks loose,"""" so we can all finally get to work on fixing this thing with some reliable information.  Just me.  Your mileage may vary.    """,0,0,0,0,0,0
1eac2b61ef0b886d,"""
Hmmm, maybe at this point I should go with Shrike's tactic:
""""""""
But I won't. So. Since you already have the source, I know that you know that the source has nothing to do with dhimmitude. So why are you insisting on including it in the article? """,0,0,0,0,0,0
35056a55c991674e,"I'm not the person who modified that page, but I'd like to note that this IP address is essentially a proxy used by several thousand employees and many visitors via the free WiFi. While we can't bypass the proxy, perhaps you could consider blocking non-logged-in users from this IP address? Thanks and have a wonderful day. 12.186.80.1",0,0,0,0,0,0
b6706664110874e2,Sitush is an asshole...die you dog,1,0,1,1,1,0
60fb3261d202e73b,"Crush's Coaster? 

I was just wondering.... where did you get the Millionaire building being turned into Crush's Coaster.  Disney never announced it.  I researched it and it is just a rumor.  Can you please cite this?  Otherwise is it safe to delete it?",0,0,0,0,0,0
6f5075b8c291c597,I've had enough of you. Shut up.,1,0,0,0,0,0
1b3785a74d01cf44,"""

 Please do not add unsourced content, as you did to I Should Have Known Better. This contravenes Wikipedia's policy on verifiability. If you continue to do so, you may be blocked from editing Wikipedia.   talktalk """,0,0,0,0,0,0
228ec15bd4ee86e0,"JamesBWatson 

Can you Guess what JamesBWatson calls you from behind your back. He calls you Bloody Guts. 58.7.187.142",1,0,0,0,0,0
9869345b8d199ce4,Thanks for pulling me into line Mike . I don't know what the fuck I would do without a wikinazi like you to help make something of myself. How do you know if Karl Stefanovic is not humanoid? Have you ever met him? No. Then revert back to my edit. You are a cunt.,1,0,1,0,1,0
10c5d97232cc7a30,"""

 Well a new section, I hope you read this 

I cursed at you previously, and it was deleted. To be honest; if I was face to face with you; I would have cursed at your mother. Your stupid fund raising mentality, and your inexistance at wikipedia doesn't represent your existance. 

In my humble opinition; you're an idiot. Not only an idiot, you're a dumb and stupid one for this whole wikipedia society.

Your democracy mentality lead to religious fendementalists to own and conqueer Turkish Wikipedia. And as a founder of it, with your permission to """"your free world"""" I want to curse to you. I wish I had had sex with your mother and your grand mother.

I wish I had your mother with your not eighteen daughter and all your siblings. And I want to do it,  just because you alloed me so.

Your unmarried sisters and your daughters are such beautiful sluts; just like you. If you would be a girl.

And from the bottom of of my heart; as you being the """"democratic"""" president of asshole of the freedom of the unfree world.

I would like to wish that, at least 10 people fists their head to your nazi ass.

Have a nice day.""",1,0,1,0,1,0
10817724190fcaab,"""
 After looking at a few sources it seems that you are correct. I've changed the article to reflect this.  (talk|contribs)  """,0,0,0,0,0,0
1a89c26b39fbf889,"]], [[Captain Sanak Singh Khattri",0,0,0,0,0,0
9c05d028b8313b2d,Who are the people coming out of the woodwork?,0,0,0,0,0,0
d026b4aea4c4a3f2,because I have little else to do with my empty life,0,0,0,0,0,0
02a1ac2c706d3306,"FisherQueen, would you kindly stop following my every move and deleting things off MY user page. Havent you got anything better to do than piss people off on Wikipedia.",1,0,0,0,0,0
27413a043de75631,"This shows how much you disrespect any editor who disagrees with you. Your edits are why Wikipedia is inaccurate- you discourage new, knowledgeable users from creating content and you NEVER assume good faith with edits.",0,0,0,0,0,0
e9e3b04464e1d3c3,"Stop sucking a dong 
Enough has been said. 99.142.17.112",1,0,1,0,0,0
eeb706ce8f6bd3d8,"(UTC)

Characters

The cast list needs a serious reform, perhaps, as mentioned above, categorise the characters into families and branch off from there. Also, there are numerous new actors that have been introduced into the show, so they need a mention and an update.  19:00, 21 December 2011",0,0,0,0,0,0
859be6836ae664a2,"""::Help me to understand this, Terryeo.  Say Jane Jones reads some books and takes some scientology courses.  At a point she announces her conclusions: """"There's no such thing as a thetan, that's not true for me. L Ron Hubbard lied about his personal history, those stories about him aren't true for me. But I think the study tech is very helpful, and true for me.""""  Expressing that set of views, and showing no interest in altering her beliefs, would she be accepted as a scientologist in good standing?   

""",0,0,0,0,0,0
0735c7334d85c6aa,"Issues with Knox 

Knox run things like Gala Days, festivals etc. and you know what? Along Redleaf Ave and the Pacific Hwy, they illegally park. Now, I know a friend who lives on the Pcfc Hwy in Wahroonga, and the snobby bastards from Knox come along and completely block people's driveways. They can't get out! However, it's not illegal and the people of Wahroonga complain to Ku-ring-gai Council and what do they get? Nothing! It's ridiculous that bastards like that can get away with it. Somebody needs to add another section on this article talking about this issue, so that people who want to know more about the school and also people who attend the school can realise just how much arrogant and jerky they are!",0,0,1,0,1,0
6389329fd705df7a,"Allah... 

Allah, a Muslims version of Santa Claus for juvenile adults who feel the need to think a magical all seeing eye lives in the sky. *facepalm*!!!!",0,0,0,0,0,0
c286677b68fb6ca0,"""

 This matter has been extensively discussed in archived discussion  and this has been the consensus wording for some months. The paragraph refers to the official title of the proposition on the ballot (please see the referenced citations) and outlines the history of why that language appears there. The """"Ballot summary language"""" also outlines this history and explains where that title appears. Please consider presenting something here other than a bare demand for revision of already settled language.   """,0,0,0,0,0,0
434130ce1d5faeca,You are probably right about AM Wood. Did you check the other XIs - I piped them mostly by (educated) guess-work. → (talk • contribs),0,0,0,0,0,0
fceee883f69d8531,"""
Also...good use of fuck.  As you noted, it's well tolerated on this page.   Talk• Contributions """,1,0,1,0,0,0
c93c144009cd2a57,I'll write it when I have some time.,0,0,0,0,0,0
79f8034c338820dc,"""
Support agree with   """,0,0,0,0,0,0
0fa6bc45e094eecb,"My ideas are not against socialism at all, Islam is not socialism, in fact, Islam stands against everything socialism stands for, do you think Muslims tolerate other religions and Atheists and Agnostics while in their countries? Of course not, and I don't care whether I am against multiculturalism, multiculturalism has failed, Muslims hate us, we cannot change that. I am not a racist as well, I am proud to be European, what is wrong with that?",0,0,0,0,0,0
46b04ba364ea7a1b,"Just saw your latest addition to that page and thought I'd drop you another line. You might want to look at the list of alternative outlets to Wikipedia, many of which would let you host your content. We're an encyclopedia, and since your page doesn't meet the requirements for an encyclopedia it can't stay here, but there are lots of other places that could host your stuff. Good luck!",0,0,0,0,0,0
2da4d787456fee73,ameriKKKans like to get their anusses raped,1,0,1,0,1,1
2b6be63ef4e13a63,"""
I wouldn't call this a """"backfired sting"""" and if you openly state Planned Parenthood did nothing wrong there is obviously a lack of neutral POV. I do agree with Mattnad's suggestions but I see it is vastly different to what is posted currently.  190.6.159.37  """,0,0,0,0,0,0
77702c011db04566,Hey there you are on google. I get the last say! 'There is 5 senses only!!!!!!! Everybody really only does want immortality foreeevvver!!!!!!!!!!!!!!!! Errrrasee that shittttttttt!!!!!!!!!!!!!!!!!!!!!!!!!!!! Stuppidd plato and old shit and wrong shit!!!!! I'm the best best I'b thought all out! You nonesense useless bastard! Go to hell.,1,0,1,0,1,0
f696408a317a7fe4,"why you are a bastard 

I hope your dog dies.",1,0,1,1,1,0
57d22e517d5753ee,"}}

{{user hates J Bar",1,0,0,0,0,0
60cdd48fb71157e6,"cover 

so, do we want a current or older cover? i have the 57 paper edition i can scan. its actually not even in the amazon list of covers, its older.",0,0,0,0,0,0
7b3bdbcaccf54d74,"""protected|answered=yes}}

 Good Article Progress... 

There are several great Disney character articles on Wikipedia, but very few of them are classified GA. I am really trying to transform Belle into a good article, like Ariel from The Little Mermaid...how am I doing so far? Thoughts? Suggestions? I know the article is no where near nomination status...I would just like a few guidelines.

Just a thought but other minor films that she appeared in could be merged down in one section with a few mentions about the films without going into huge detail about them. Something like she's appeared in spin-off films regarding the character, something like that you know? Doesn't need a subsection for each movie it makes the article clunky. All of her appearances don't have to be put into such great detail; like the Kingdom Hearts info goes too far into the it, just a short summary would suffice. And I'm sure that you're aware that the article needs more info on the character's cultural impact, stuff like that. The information on the development seems, okay same amount in the Ariel article so there's that. I'd suggest getting rid of the list of Broadway Actresses it's kind of an eye sore, just a thought. Or put it to prose Yum. 

Another thing I noticed while I was editing the page, there are a lot of references to IMDB (the whole production cast and stuff like that, you used IMDB) when there are a lot of other options. The film usually has documentaries on production where you can get that info; that's where I got a lot of info when writing the Ariel article, and the commentaries are useful too. What I'm saying is that there's a tone of info on this character out there (the Blu-Ray has a tone of extras and documentaries that could be of use). And if you don't own the dvds or whatever I'd assume YouTube could be of service. And when you're citing your sources remember to put the original date that the information was published and all the access date stuff too. But it's going to take a while Yum. 

Believe it or not, I have actually been trying to use sources other than IMDb. The majority of my character development information came from other online sources. As for film and production documentaries, I am still new on learning how to source those, but I will look into it. And I always thought the """"date"""" section in the source template was meant for the date that you found the information. Thanks for letting me know!   

 Belle's eye color 

First off, there are no evidence that Belle's eyes are brown, just like there are no evidence that Aurora's eyes are blue. The movies, the Disney Princess website, the franchise and merchandise, and official artwork all depict Belle with hazel eyes and Aurora with violet eyes. And saying that there's only one person in the entire world who believes Belle's eyes are hazel is ridiculous. Search the internet, the people who believe her eyes are hazel are way more than the people who believe her eyes are brown.

People who claim her eyes are brown have no evidence to back that up. An article with an interview with the voice actress is not a good evidence, it's just a bunch of words. What evidence does the voice actress herself have to back up what she's saying?! It can't be any of the movies, they tell a different story.

A quote from the actress - """"She was also the first brown-eyed princess, the rest had blue eyes. She had a quirkiness and an oddness about her so many girls identified with Belle because they feel there is a part of her that is like them.""""

There are THREE lies buried in that first sentence; 1) Snow White was the first brown-eyed princess, not someone else. 2) Not all of the previous Princesses have blue eyes; Snow White has brown eyes and Aurora has violet eyes - that's half (2 out of 4) of the Princesses that do not have blue eyes. And 3) Belle's eyes are not brown as the movies themselves and other stuff will show you.

There's nothing wrong with articles as long as they don't condradict anything, but Paige O'Hara's words contradicted not one, but THREE things about the Disney Princesses.",0,0,0,0,0,0
bf0a18a5edeba4e9,"Fuck You 

Fuck you, douchébag",1,1,1,0,1,0
00c7cc75cbeb3b11,"RE:  Hulk changes.

Fuck off idiot.

user coldbrotha",1,0,1,0,0,0
7caa61029ee20aae,"Remove PA 

Pennsylvania is not on the east coast.it's inland",0,0,0,0,0,0
ffa418f993e7edf8,Please do not add speedy deletion tags to our article. We do not believe the article deserves to be deleted because it is about us and once again we did not create the link. If you think the article deserves to be deleted go kiss your comptuer goodbye. We will convene to reach a decision and will not look at anything you give us. Thank you.,0,0,0,0,0,0
60f227ddd3674182,Your cause is nonsense.  You are a Mossad terrorist.,1,0,0,0,0,1
73bcf48f69a545b4,"""

Navenby 

Cheers for the message - you might be 'the hard part,' but I actually enjoyed re-doing some of the refs! Good old books, you forget how useful they are sometimes! I guess Google has made me lazy... Thankyou, once again, for your patience in going through all 120-odd refs. It was much, much appreciated. Next time I write something, I'm going to choose a subject with three sources (reliable of course) and nothing else!'''''' """,0,0,0,0,0,0
593aaf7933faafd8,"well hes an idiot, he removed my edits for no reason even though they were correct",1,0,1,0,1,0
94a5024323152cd1,"==Why does it bother you, fuckface?89.123.100.99  Suck my cock.",1,0,1,0,1,0
5cf14ec359f9ebcc,"Yes, douche, but an article DOES have to be neutral.  Happyme22 has consistently been aggressiv in keeping the Nancy Reagan article skewed towards her favor.  If you check that article's talk page, you will see several admissions by him that he IS clearly in her favor, and that his edits to her article are aggressive in such a manner that there should be no question of his bias.  That you (and other adtiors/administrators) have been so lax in blocking him for making non-NPOV edits to her articleonly goes to prove -again- that Wikipedia is nothing more than a media manipulated brainwashing machine.  Fuck you, Wikipedai, you just lost a user ever.
Yes, douche, but an article DOES have to be neutral.  Happyme22 has consistently been aggressiv in keeping the Nancy Reagan article skewed towards her favor.  If you check that article's talk page, you will see several admissions by him that he IS clearly in her favor, and that his edits to her article are aggressive in such a manner that there should be no question of his bias.  That you (and other adtiors/administrators) have been so lax in blocking him for making non-NPOV edits to her articleonly goes to prove -again- that Wikipedia is nothing more than a media manipulated brainwashing machine.  Fuck you, Wikipedai, you just lost a user ever.
Yes, douche, but an article DOES have to be neutral.  Happyme22 has consistently been aggressiv in keeping the Nancy Reagan article skewed towards her favor.  If you check that article's talk page, you will see several admissions by him that he IS clearly in her favor, and that his edits to her article are aggressive in such a manner that there should be no question of his bias.  That you (and other adtiors/administrators) have been so lax in blocking him for making non-NPOV edits to her articleonly goes to prove -again- that Wikipedia is nothing more than a media manipulated brainwashing machine.  Fuck you, Wikipedai, you just lost a user ever.
Yes, douche, but an article DOES have to be neutral.  Happyme22 has consistently been aggressiv in keeping the Nancy Reagan article skewed towards her favor.  If you check that article's talk page, you will see several admissions by him that he IS clearly in her favor, and that his edits to her article are aggressive in such a manner that there should be no question of his bias.  That you (and other adtiors/administrators) have been so lax in blocking him for making non-NPOV edits to her articleonly goes to prove -again- that Wikipedia is nothing more than a media manipulated brainwashing machine.  Fuck you, Wikipedai, you just lost a user ever.",1,0,1,0,1,0
79dd97b1a15902b4,"""

 A barnstar for you! 

  The Editor's Barnstar For editing Richard J. Bartlett, who I've met.   """,0,0,0,0,0,0
20c78ff926108463,"have rich edit histories containing thousands of edits, and often edit the same article during the same week.
Both accounts",0,0,0,0,0,0
aff1072b2c2e723b,"Talk:Nigger 
 Please stop your disruptive editing. If you continue to vandalize Wikipedia,  you will be blocked from editing.   ☎",1,0,0,0,0,1
3fe3ad5341ca42a2,"""

 Tidalenergy, thanks for adding the graphic and extra information as requested, it makes things clearer for the reader. However, you have still not addressed the fundamental issue regarding a claim of efficiency of """"3 times higher then the Betz Limit of 59.3%"""". Noone here has contested that a shroud can lead to 3-4 times higher energy extraction than a similar sized turbine. The problem I still have is that you are using the word efficiency and implying 180% efficiency - a value over 100%. As I'm sure you know, energy efficiency can never go over 100%, see energy conversion efficiency for exactly why. If you replace the words efficiency with energy extraction I will be happy.  """,0,0,0,0,0,0
b716be45a5169f5e,"To the last section 

I am a little bit confused because I can not place an answer on the last section. Possibly my computer. Now the answer:
Yes you are right I suppose. But I thougt that a lot of the User-pages could be dead. I supposet that 95% will be dead. This is very pitty, but I can not be sure in each site and it is not simple to say which one should be it, because I wanted to be neutral. This was the reason. But you are right and I will make new articles on the German wikipedia again. It was not a fun for me to place such messages on User-pages. Have a fine X-mas. (-:",0,0,0,0,0,0
b41c73b85a1776af,")

Sorry about the inconvient vandalism. I thought that you might enjoy a Lil' Jon parody though. Sorry again! 05:17, 5 June 2007 (UTC",1,0,0,0,0,0
4c8b5f60630175aa,"recent online article 

FYI this just came out:  Sundaram's Sieve",0,0,0,0,0,0
27aafc4eb33071b0,"That's all bullshit, and you know it.",1,0,1,0,0,0
1e149487535a80c4,"I looked escaped the Kyrgyzstan, real nasty place, he real bad man",0,0,0,0,0,0
33c6bc23d4ab4c5d,"You will not you stop? What you want? Destroy the articles? She almost married him, why do you not delete it on the page Adam Brody too?",0,0,0,0,0,0
0c9957b68152fa20,"""

 Help Please! An evil Wikipedia editor attacks aviation pioneers Coanda and Vuia constantly TAB 

Unfortunately, an evil Wikipedia editor (who uses a multitudes of names ( Romanianlies, Romaniantruths, Binksternet, Soundofmusicals, Andy Dingley, GraemeLeggett, BilCat, ... ) and is also in the Bord of Editors, so he has more power on Wikipedia that an ordinary contributor) has been attacking for more than three years various aviation pioneers, amongst others Traian Vuia and Henri Coanda, for unknown reasons. TAB 

In general, as soon as he sees the two names in Wikipedia articles he immediately adds the word """"unsuccessful"""" and other unjustified bad characterizations, multiple times.TAB 
TABTAB 
Any attempt to delete these unfair remarks always fails and the user who dare to confront Romanianlies gets suspended.TAB 
TABTAB 
Something has to be done. If you have an idea feel free to share it. This man is paid with donations from Wikipedia supporters and he simply abuses his position and denigrates, at will and with no justifications, personalities that he does not like.TABTAB

The last contribution of this evil man (under the name BilCat) was at this page: 
http://en.wikipedia.org/wiki/Aircraft_engine
where he added the word """"unsuccessful"""" in connection with Coanda-1910 plane/engine making it the only unsuccessful thing in a large list of engines.""",1,0,0,0,0,0
8d969b8184886349,", 26 June 2008 (UTC)

I don't mind. If you have anything to add further, feel free. And thanks for being civil (though I wouldn't have expected you not to be). -  19:19",0,0,0,0,0,0
3c5650c2d97af667,"7) I was not notified that there was an AN/I discussion about me, and thus denied the chance to comment there before I was blocked, and am thus still unable to respond there.  Is this the normal procedure, to block people without first hearing their defense ?  In this case, much of RP's complaint seems to be based on him mistaking another editor's restore of my material as if it had been a restore done by me.",0,0,0,0,0,0
a753ffac40b5ef48,"incorrect interpretation! 

The european translator, assumed that since hafez was a follower of sufism and love in sufism had sometimes been pederastic, therefore the beloved should have been a young boy. Well, I am looking at the persian version of the verses translated by  Henry Wilberforce-Clarke, and as person whose mother tongue is persian it seems to me that the beloved was an adult female rather than a young boy. Since hafez is using pronouns to refer to his beloved and the cupbeareand, one could go both ways but in persian we always use the phrase 'lock of hair of the beloved' to refer to females (since they have long hair you know). Besides anyone who is familiar with hafez poetry and have an advance understanding of medieval persian language, would know that Hafez is very unlikely to have pederastic inclinations.
I am well aware of the existance pederasty in many teachings of sufism and I have seen the pederastic sentiments in Jami and Saadi poems but Not all persian poets that follow sufism have pederastic inclinations!!.",0,0,0,0,0,0
280a4fb24616fb37,", as they look too unprofessional",0,0,0,0,0,0
d68e46d4786620c8,"""

 Welcome Chan! Just so you know, Arbusto is bold-faced lying. He has no proof that Jason Gastrich even posts on Wikipedia any more. There isn't even an outstanding accusation from someone that they received a message from Jason telling them to vote. Arbusto is a liar, so don't feel that you even need to reply to him (or her, I don't know which gender an """"Arbustoo"""" is). If I were you, I'd ignore him altogether until he gets his act together and stops lying and trying to deceive.  """,0,0,0,0,1,0
33cb547f695f42a8,"""
 Your request at Files for upload 
 Hello, and thank you for your request at Files for Upload! The file has been uploaded.  You can find it at File:Crest of Gurley, Alabama.png. See Wikipedia:Images#Using images to learn image syntax, or Wikipedia:Creation and usage of media files for other types of files. Regards, rocMy contribs """,0,0,0,0,0,0
96f362c0edfc69d7,"Text Edit

Fuck. Shit. Cunt.",1,0,1,0,0,0
93bfab85f1949d99,"Hullaballoo Wolfowitz,  Does it concern you at all that the reasons you gave for removing the clarifications were completely nonsensical?  You even removed it at one point claiming it was in a section it was not even in!!!  Lets just cut to the chase, you are a Jewish man with an agenda to keep Jewish interests in illegally obtained land, by INTERNATIONAL STANDARDS, away from wikipedia pages and the masses as a whole.  Right?  Regardless, at least be accurate if you are going to start attacking someone for selfish reasons so you do not look like an idiot next time with anyone that takes two seconds to look into this.  AND PLEASE, COMMUNICATE WITH ME DIRECTLY NEXT TIME BEFORE BEING OUTWARDLY HOSTILE AS MY DOOR IS ALWAYS OPEN.  Thanks!   And have a good day!",0,0,0,0,1,0
4fb7cbb64dc7335b,"Oh please, stop talking nonsense and deceiving the world. During my long, VERY LONG research I foung NO pictures, no reliable sources, not anything! 
Special gloves LOL. First those special space gloves never existed and second this is the first time I hear anything about such thing! IF YOU WANT TO TALK SH** ADD SOME SOURCES FIRST! I am sick of anti- Croatian propaganda! 
Add the links of the pictures (if they exist) into the discussion. If they are not uploaded, upload them (outside wikipedia) and post a link in here. Admins and moderators will decide if those pictures are too terrible to publish or not....but of course those pictures are from you GreaterSerbian imagination, aren't they.
Explain to me why all teh sources published here were judged unreliable? Because there aren't any reliable sources! The sources I see now are laughable and they are not proving anything! In fact, I am suprised that this article is still standing.
Yes, maybe I have complexes (Serbs like that word). 
Fact is, I do not hate normal Serbs, I hate only xenophobic Serbs spreading lies. And Wikipedia is full of them. 
Oh yeah, I forgot! YOU aren't Serbs,you are from UK or USA! You have Serbian IP's only to deceive racist people ;)))) (sarcasm)
Croat with complexes logging out.",1,0,0,0,0,0
ab499f6682e8b1a3,You must not change the verified sources information. Official web site belongs to the copyright-holder and of course you did not bother to visit it to realize that what I changed and added only improved the voice.,0,0,0,0,0,0
011682bbe6183eac,"Robert Palmer  

With no respect intended Binknsternet, kiss my ass.  Your Mary Ambrose lies are just that. Lies.  How you continue to get to be an editor here is beyond me.  You're a bully and a liar.  I have loads of back up for my information, unlike you.  I am reporting your for bullying and harassment and posting false information. Mary Ambrose is the hoax, no matter how you spin in.  Consider yourself reported.",1,0,1,0,1,0
95577efd89836812,"""""""Under Attack""""

User page has been under attack and will be protected until the vandals have stoppedSteve espinola

TABWow!! Fucking double speak, [wo]man. Lol! If your page was vandalised, what about the stuff you did to mine? :-) No, I think we got a little double think going on now, which I find double plus plus bad but simultaneously double plus plus super double plus funny.

Help support and spread newspeak today! For you have already significantly adopted the other tenets of Big Brother gov'ment.

All I can say: 

TABWar is peace
TABSlavery is freedom
TABVandalism is fine editorial skill

— HopeSeekr of xMule (Talk) 

""""Mexican Estaban 'Steve' Espinola,"""" I feel that your claims of wrongs perpetrated on you deserve documentation. Given all your talk of vandalism to your page, I think it makes sense that all the drama around your presence on Wikipedia be returned to your talk page, where it belongs. Signed, the Brooklyn Steve Espinola, user name: Sojambi Pinola 

new text

[This was left on User:HopeSeekr of xMule's discussion page at . Basicially, he cut everything from his own page, items 1 through 20 below, and pasted it onto HopeSeekr's.]

I've added my whole talk page to your talk page, as you've been creatively editing yours, I choose to creatively edit my own. Steve espinola 

TABLOL!~!!!!! ROFLMFAO!!!! OK, pay attention """"Steve"""": Notice above how many people thank me for my edits? Now look below...see how many people gripe at you for yours? Hmm...I still have trouble figuring out why a single person would become your advocate but I guess every one needs an attorney no matter what the crime. Thanks for making this page even more vibrant. — HopeSeekr of xMule (Talk) 

Mmmmmmbo

good luck!!! I think your version is great Mmmmmmbo

[this was left, unsigned, by User:Steve espinola at  which pretty much solidifies that this user is also User:Mmmmmmbo.

Can you please explain your edits to Biff Rose? They appear to express a negative POV towards the person. -Willmcw 06:55, August 6, 2005 (UTC)

For willmcw

I think its high time you stopped trying to rearrange my words. The information contained on the biff rose site colelcts the pertinent info. It is not a billboard for his achievements, but an overview of his career. I think records that were pressed and sold are of worth. Ones that were not around in copies more than fifty or a hundred are not. I've interviewed Rose, I know which ones sold and which ones didn't. You can beef up a discog with murky details, but it won't help the whole wiki crowd. Stop being bullheaded, and agressive, because though you've been given power through edits, you have also become that which you supposedly fight against. You are not allowing the newer versions of this piece to come to life, but instead are so closely guarding the information disseminated from within that you have become like a fascist. Terrible!!!

[left unsigned by user:Steve espinola at ]

Why do you delete the number of """"Carson"""" appearances? Why are you deleting the name of his biggest song? What does it matter to you if the records sold 10 or 10,000 copies? Do you have some personal animus towards Rose? Please note that your personal feelings, and your personally-obtained interviews, should not be used to influence the article. It's a biography, and should present a comprehensive picture of his life. It's not a place to gain revenge on someone you don't like. -Willmcw 20:21, August 6, 2005 (UTC)

I've copied this discussion to the talk:Biff Rose page. -Willmcw 23:29, August 6, 2005 (UTC)

Any info deleted was moved from prominence to more esoteric reading of it, to make the article read better, and have a decent flow. That Rose was in Time magazine once in 1965 is not of note. That he wrote a song that was covered by both Tiny Tim and David Bowie is. That that song was co written Oscar winning musician Paul Williams is important. Also of note, it should be mentioned that Rose has disavowed the Williams connection in several interviews, until in late 2004 on his own website's message board he admitted he was falsefying William's own involvement in the song. But a small 200 word blurb in time 50 years ago is not of worth. As for Rose's appearnaces on Carson, there has been no reall connection with the amount of times Rose officia",0,0,0,0,0,0
1bddc7becbc9b8f8,((unblock. First off it's justly my nature to use that fucking language alright and its a damn amendment in the constitution you pc bastard this why we can't do shit in this country anymore and should shove your bullshit degree up your ass cunt ass fuck face go get herpes you shithead bastardized fuck,1,0,1,0,1,0
d7d5fcd9ad1ffb42,"""
That isnt going to work, and you dont seem stupid enough to think that it will. nableezy - """,1,0,0,0,1,0
15b8d3a99dd2fe54,"Paul Kelly
Saw your comments regarding the article of Paul Kelly - thought you might want to have a look at the improvements that have been made - given that he has been inducted into the ARIA Hall of Fame his importance has been re-classified as mid however there is an arguement that HOFs should actually be high.",0,0,0,0,0,0
44ddd41a39cf01c5,How about you fuck off and don't stalk my edits?  201.215.187.159,1,0,1,0,0,0
c1d612ac8fb4a7da,stop fuicky reverting my fucking edits it,1,0,1,0,0,0
4ce149927cd1b49b,"Hey f**king swine 

Doing bad? Suffering a lot?",1,0,1,0,1,0
52b14efc0e6575fe,I supposedly was unblocked. And now I am still blocked? What gives?,0,0,0,0,0,0
4305bf54356fac88,"not know to this day what
               Devil brought them into our country. We did not fetch them
               from Jerusalem!... Yes, we have and hold them captive, as I
               would like to keep my rheumatism, and all other diseases and
               misfortunes, who must wait as a poor servant, with money and
               property and everything I have! I wish they were in hell
               with the other Jews and whomsoever they would like to have
               with them.",1,0,0,0,0,1
ca365b73e5929391,image requested|rivers and waterfalls,0,0,0,0,0,0
378cf8603ddf7817,"""

 Good work 

  The Tireless Contributor Barnstar Excellent job with your work on United States Senate Democratic primary election in Pennsylvania, 2010. Continue the good work!  """,0,0,0,0,0,0
d3343200f4a61e1b,"Robert Blake (Aninote) 

It's not an advertisement... The site doesn't even EXIST any more. Check the sources!",0,0,0,0,0,0
ecc05261ac13e4cd,I just started a discussion on WT:FOOTY. –,0,0,0,0,0,0
74bbbed114984417,""" March 2008 (UTC)

As SatyrTN is currently campaigning to scrub the article from mentioning Sanchez's escort career, his proposal to """"archive"""" this section reads like an attempt to scrub a valuable section where his arguments against inclusion have been soundly refuted.   10:31, 23""",0,0,0,0,0,0
e1363495b5c06c32,"Explanation, please 

Dear, Mr. Favonian,
Could you please explain me why you have blocked my account Doraterra? I am not Dilek2! I'm just trying to write article about something that I know!",0,0,0,0,0,0
039409e3f74d4565,"""

 Typo 

Typo right here: 'because the spell together the word """"wanker""""'.  Couldn't change it myself or I would""",1,0,0,0,0,0
b507b043304079b4,""":: Hah! and lol. U can't quote from wikipedia thats cheating! Besides, its a matter of perspective, U didnt make it up and the person who did didn't actually specify now did they? I am having lots of laughs. Besides, laughs out loud is not in the first person form so doesn't make sense to tell someone """" oh loughs out loud"""".  

""",0,0,0,0,0,0
ada2dcc86cd72b87,Why are you doing this? Are you some sort of sadist or troll?,1,0,0,0,0,0
d03b52d1cdf33628,"Admin Coaching Re-confirmation
Hello, previously you expressed interest in participating in the Wikipedia:Admin coaching project.  We are currently conducting a reconfirmation drive to give coaches the opportunity to update their information and capacity to participate in the project.  Please visit Wikipedia:Admin coaching/Status to update your status.  Also, please remember to update your capacity (5th table variable) in the form of a fraction (eg. 2/3 means you are currently coaching 2 students, and could accept 1 more student).  Thank you. '''''' talk",0,0,0,0,0,0
22daec709851292a,"""

 Bias 

Hmn, funny how racism isn't mentioned at all in the article. I'm sure it has nothing to do with the fact that it isn't a """"white"""" organization.  """,1,0,0,0,0,0
531acec2d2087baf,Oh wow last warning you aren't even a registered user!  Go get a girl or something or edit other Wikipedia articles just really get a fucking life!,1,0,1,0,1,0
6fcaa2820e310e23,you are a nazi asshole and always will be.,1,0,1,0,1,1
3ca4e91270a4594b,"An idea to deal with Bambifan 

I would think a separate page at Wikipedia:Long term abuse along the lines of the separate listings for Primetime and DavidYork71, under the circumstances.  If you need help writing one, let me know. 96",0,0,0,0,0,0
6826753205c354a8,"and Minaj is a hypocrite...
...if she indeed performs for Angola's dictator, José Eduardo dos Santos, this Saturday, December 19th, collecting $2 million for her trouble. Black lives matter? Not so much to Nicki Minaj, apparently, which is what people will be saying for years if she follows through on this awful gig.

Hey Nicki, what's good? Not your managers, if they didn't warn you of this bad PR tsunami now cresting over the horizon... What's NOT good? Human rights in Angola. Read it. Just a head's up to let you know that the Internet has a long, long memory for these things. It will forever be part of your biography, and how your character is judged. (Just ask Kanye how that Kazakh wedding gig helped his career.)",0,0,0,0,0,0
8576585f67c9bb51,", 29 December 2006 (UTC)

Possible open proxy
Appears on at least one major spam blacklist:
CBL: http://cbl.abuseat.org/lookup.cgi?ip=59.93.118.58
 (talk) 09:42",0,0,0,0,0,0
970cf70f73a9a4c3,HongQiGong is correct. 218.186.8.234,0,0,0,0,0,0
4b3f2b52768bc12d,"Thanks 

Thanks for the barnstar. I was at DYK today and noticed that every other entry belonged to you (almost anyway!!). So...",0,0,0,0,0,0
a34f465f760ae948,"""

Removing """"The Room"""" from the list

It has acquired a """"so bad it's actually good"""" notoriety and a sort of pop culture mystique.  The hard stats for its inclusion were never there either, and it lacked the pretention, pomp and disappointment of the other megaturds on this list.    """,0,0,0,0,0,0
afbb9cb4fbdc6f57,""" (UTC)
Of these 4 images, apparently the first two are Renascence bulldogs, the third (Duke) an IOEBA-ish one, and the 4th I don't know. (learning)   
Leavitt Bulldogs 
  
These are the Leavittish style ones? (Above?) Looks more slender-ish.   
Yes, more slender-ish than UKC and than IOEBA.   13:29, 10 January 2014""",0,0,0,0,0,0
3cfbc6eac8f9bb2b,"Email 1 and Agenda - week 29 Sept 2009 

First Email and Agenda: WEEK 0

There will be scheduled meetings on every Tuesday at 14:00 in room 111. All group members are required to attend these meetings. Please remember that success of group projects highly depend upon productive group meetings, so please try to make every single one of them.
 
These meetings will start from next week, 6th October Tuesday. I would be heading the first meeting as the Chairperson and Sam would be the Secretory. The post of the chairperson and secretory would keep on rotating so that everyone is involved in this group project.
 
As discussed in today's meeting there are a few tasks that need to be addressed before the meeting on Tuesday, 6th October; which are as follows:
 
    *
      Setting up a Wiki Forum to have an effective group communication system and also providing easy access to the projectmaterial to all the group members. Tejal volunteered to set up the forum. All details of it will be passed on to all of you as soonas it is finished.
    *
      Coming up with conceptual design and ideas for the payload because as we all know payload is most important driver of thesatellite design, so ideally that would be the first step in our project.
    *
      Also please note down the email IDs of all the group members for future contact. And don't forget to buy a log book foryourselves.

If you have any further queries please don't hesitate to contact me.

Best Regards 

Mudassir Farooq - Chairman for Week: 29 Sept 2009 - 6th Oct 2009",0,0,0,0,0,0
f65df91969ab707c,"Nor do my postings indicate that I am anti-social, have gone rogue, or in any other way must be stopped before I do more damage.",0,0,0,0,0,0
f5dafde1e3d59e04,This is your final warning if you persist in vandalism your account will be deleted and further legal action will be taken against you.,1,0,0,0,0,0
8cad055a179334df,"Just to let you know, text added to articles needs to be supported by reliable sources. If you can verify the 'diff' statement, please add it back to the article. And if you aren't sure how, just ask.",0,0,0,0,0,0
5e5028d8c31ef481,"May 2010 (UTC)

And so the default position is now just delete the images Blackash does not feel are needed in her article. Appalling.    18:29, 24",0,0,0,0,0,0
e5ca959541e78a93,"""
No big; tempers flare and the """"Enter"""" button is dangerously big. (I usually reserve the term """"bitey"""" for violations of the """"Don't bite the noobs"""" rule, though.)   |  Talk """,0,0,0,0,0,0
80189c7ba982df1a,"okay that was gay like me....absolutely....uninformative, gay like me im gay mutha fucka! ooo i want sum cock ass hairy balls1 im gay",1,0,1,0,1,1
88ddc2a6eb1bd679,"No, go ahead, we'd love to hear your bright ideas. Oh, wait, you are a coward, nevermind, f off",1,0,0,0,0,0
6351bcc482ddee36,"Book review 

A book I saw reviewed in Nature.",0,0,0,0,0,0
1443ea08539b32f8,"I have not nor am I planning to remove anything because I disagree with the contents. I am removing citations based on weight. I do understand this. As painful as it is, I was leaving Piper unless I find information to discount those studies.",0,0,0,0,0,0
2297e573be04fb6b,"""

Itaqallah and friends blatantly lying
See here please:

I have caught Itaqallah blatantly lying in his edit summaries. I see no reason to assume he or his """"Muslim Guild"""" friends are acting in good faith any more.  """,0,0,0,0,0,0
afa3986b5a3c5661,"That's in the version that TRP demand son having, I have it in use to expand on the GK section. -",0,0,0,0,0,0
4f295405f6bf0183,"All right, who blocked me?",0,0,0,0,0,0
3c0e68a952c1442d,"There are lots of faggs in this world, and that's why this word is not an insult attack, so piss off!",1,0,1,0,1,0
bff0170910823ba8,"Edits to Cloverfield_(creature) 

I have responded to your edit comment where you asked how the content was OR at Talk:Cloverfield (creature)#Size yet again.  You may want to take a look at it. Thanks. -",0,0,0,0,0,0
182050607022d1ed,"ill keep changing and fucking around, ebcause oyure a 16 yo pimply fuck.",1,0,1,0,1,0
6d2e4e2b584fdf0b,"I'll keep all of that in mind, thanks.  I'll fix up that article sometime soon.  BTW, if you are able to find an RS source for the opinions of those opposing the Sivand dam, please link it to me either at the article talk page or my talk page.  For an issue like this, one has to be particularly careful to avoid fringe sites like cais-soas.  Thanks and regards,",0,0,0,0,0,0
c2e1f671e77cf636,"""

This file may be deleted.
Thanks for uploading Image:Pedigree Chump album cover.jpg. However, there is a concern that the rationale you have provided for using this image under """"fair use"""" may be invalid. Please read carefully the instructions at Wikipedia:Non-free content and then go to the image description page and clarify why you think the image qualifies.

If it is determined that the image does not qualify under fair use, it will be deleted within a couple of days according to our Criteria for speedy deletion. If you have any questions please ask them at the Media copyright questions page. Thank you. (talk • contribs • ) """,0,0,0,0,0,0
ada8419840210c0f,"Thank you for being a poopie pants 

All my base are belong to yooioooooooooooooooooooooooooooooooou.  Many people with poopie pants (like you) use their poopie pants to aid in the create process, other people try to imitate poopie pants, but are unsuccessful in shitting themselves (like me).  Anyway, psychologist study people who crap in their drawers for fun and pleasure as well as generating academic journal articles. Two foremost researchers in this field are Rachel Bishop and Meagan P. Storey  they may enjoy eating poop.",1,0,0,0,0,0
f6dea51ea9037713,"Please do not vandalize pages, as you did with this edit to Nickelback.  If you continue to do so, you will be blocked from editing.  Thank you.",0,0,0,0,0,0
fbebf06aa1a92802,Maybe it'd be more encyclopedic if you got fucked.,1,0,1,0,0,0
0f9536b9a9dce823,""", 3 September 2005 (UTC)
Also, a personal state that """"looks"""" like autism is most likely going to be diagnosed as autism (or an autism spectrum disorder such as HFA or AS).  23:40""",0,0,0,0,0,0
600970449793afb6,"=Stupid Texans

It's funny how this is a part of Texas history and yet everyone in Texas today is a stupid redneck who can't speak a word of French, or Spanish, or any language other than English for that matter.",1,0,0,0,0,0
e12c110536484195,"""

Speedy tagging
Please be careful to use the appropriate templates when tagging articles for speedy deletion; Pyshcological Diplomacy was not patent nonsense (gibberish letters, keyboard-mashing, etc.), since its grammar was comprehensible. A better deletion rationale may have been db-spam (as it was made just to direct traffic to an external site) or db-nocontext. For a good explanation of when the  tag should be used, you can check out User:Balloonman/CSD G1 survey.

Thanks for your help maintaining the project,  talk/contribs """,0,0,0,0,0,0
0cc767ead26a3759,do not tell me to delete stuff you stinker!!!!!!!!!!!!!!!!!!!!!!!!!,1,0,0,0,1,0
c89fe5a6670f8eae,"Blasphamy!!!! 
Most of you guys are breaking the Wikipedia politeness guidelines AND ARE MAKING BELLDANDY CRY WITH YOUR HATEFUL ACTIONS! Since Belldandy has never had sex with Keichi in the manga or animes how can it be porn at all? The brief and underly drawn scenes of her nudity are not part of her trying to have sex or seduce Keichi. If it was not for Belldandy's mercy, you would all pay with rivers of blood most likely! Repent to the Goddess Belldandy lest she strike ye down!!!",1,0,0,0,0,0
575bff4fbeb2b1ee,"Angela needs to get out of her little box 

Angela is hiding from reality, yeah you know that girl with her picture on her page, and face the music that I am planning on giving her the red card, she has been offensive in every way and since she has the barn star award i am upping it by giving her the dumb idiots award. thanks",1,0,0,0,0,0
69b17ee959c92572,"Jews and Jews 

Can we (meaning male whites) truely co-exist with Jews? I mean niggers and spics are bad enough but the fucking jews go too far. I think there should be a genocide, and there should be an article on wikipedia that encourages the death of jews, for those who agree please message here, for those that don't, eat me. We Came In?",1,0,1,0,1,1
0d8dad5e7f02a960,"Every edit that user made was in furtherance of selling his DVD set. Using wikipedia for personal gain is against the rules. What part of this do you not understand?  What's up, Doc?",0,0,0,0,0,0
1f54a453ffd3f6fc,"""

 Lists of slums 

Hi, I've just come across List of slums in Venezuela, and it looks like you've created a bunch of lists of this type. Apart form sourcing issues, there's a fundamental terminological issue with calling a place a """"slum"""", which is pretty negative. """"List of barrios"""" (the Venezuelan term) would be fine, but than it would still be in the """"list of slums"""" category. This problem must apply in other cases too. I don't know what to suggest.  talk """,0,0,0,0,0,0
aac5b4bbe5c0a4e5,"Your edits 
I mostly agree with your edits, I just did some small correction. I agree that old Raguseans were Italian AND Croat, and not Italian AND Croat. We can continue in this way. Greetings. About the Ragusan names, it can be ok to list them according to the articles, but they are not always correct. I'd prefer a more neutral criteria. It shold be important in the article to point old Raguseans were a meeting point between two civilation. In the present time, people perefere to demonstrat that they were Italian or Croat (or Serbs). Greetings",0,0,0,0,0,0
c1600f79d7cb5214,socalled deicision isnt worth shit,1,0,1,0,0,0
a2cdffa4b23a599a,Hi. it isn't that the source is problematic; I think the article might be. Perhaps you could compare the text on that page with the article. —   talk,0,0,0,0,0,0
e74a602cbbc010ac,"""

 Removing external link from an english webpage 

Hello Mr. Andrei Stroe,
Can i ask you on what base you have categorized my link addition as """"spam"""" ?
I have read all the articles related with external links policy and spam on Wikipedia and i couldn't find a similitude between my adding and any of the Wikipedia definition.
Can you please explain me on which base you did and what means in """"your definition""""  - """"spam"""".
Let's not over react in the cases where we shouldn't.
I'm kindly wait for a professional (and with quote from Wikipedia policy) answer from your side.
the discussion you can find it here 
http://en.wikipedia.org/wiki/Berca_Mud_Volcanoes

Thank you,""",0,0,0,0,0,0
ac24cc08bc279c52,"""
Thank you for unblocking me. I feel a one month block without warning for """"repurposing/reposting others' talk page comments on different pages"""" (which in my view was just trying to keep discussion in one place) on a productive editor to be manifestly excessive, and I believe it should also be lifted or substantially reduced.  """,0,0,0,0,0,0
2d2a0349ad50c188,"Hey you gayass beaner
Wow you stupid beaners are such assholes. I can not believe that beaners could be this stupid..i mean Mexicans are dumbasses, like yourself....plus you need to lose some weight fatty, and maybe get some dick since you love dildo up your ass, you pussy...ooo Mexicans the most lowliest and stupid piece of shit known to man. It's so funny that you have no life...then agian Mexicans cant to anything useful in society...fuck you.",1,0,0,0,0,0
7285cffc0466ca49,"Dreadstar, please put a leash on Ramdrake. He's getting away with too much.",0,0,0,0,0,0
5689c8ad4b8aca8d,", 19 June 2008 (UTC)
last warning? i didn't got the first one yet! by the wy who do you think you are some kind of mod? you aren't but probably a jealous xbox fanboy. and put stupid tags on stub anymore you moron.   15:31",1,0,0,0,0,0
1a68739589a83f6f,"""::::: I'm sorry Metropolitan but your reply lacks tact. I'd like it if you could source your comment stating that they are looking for more information than just the city, if so, create an article on metropolitan area, sparis suburb or whatever pseudo imaginary area you wish to discuss. No end of adding off topic information will change the fact that an article on Paris should speak of Paris and only refer briefly to other terms such as the Parisian region, not possess an entire chapter, template or half a dictionary on it. It is getting tiresome that some contributors are putting the article down of proably one of the most important articles in Wikipedia when articles on other capitals and large cities have done without. I'd appreciate a little clairvoyance and less personnal comments, thanks.  and the Mysterons 
""",0,0,0,0,0,0
a2466799b3373b8e,who the fuk did i attack personally?,1,0,1,0,0,0
149e15ad2efded1a,u r sooooooooooooo gay,1,0,0,0,1,1
390745e1a4de3c3d,"Re:Berlin procedure

I am one of the authors who worked on the article about the mathematical statistical method “berlin procedure”. You added the template which criticizes the “poor quality” of the article. I would like this article to remain in wikipedia. So maybe you could tell more concretely why you think that the article in this status is not appropriate to wikipedia. Afterwards it could be sufficiently improved.  
 
 I did some copyediting on it. Would be nice if more details would be there about how it works, say a new section with a description of the method.",0,0,0,0,0,0
927fa2757bcb79ad,"We New pictures to replace the old pictures on the roster=
There should be new pictures of the 1993-1994 TMC RTS of 84xx,85xx, and 86xx series, and 1997-1998 and 1999 NOVABus RTS,NYCT 1995 and 1996 Orion V, NYCT 1994-1995 Orion V CNG, Long Island Bus 1997 and 1998 orion V CNG, Ex-PBL 1997 Orion V and 1997-1999 Orion V CNG,  C40LFs,NYCT 1998-1999 Orion V,All D60HF,Long Island 2000 and 2004 Orion V CNG and 2002-2004 Orion VII Hyrbid and CNG and Orion VII Next Generation Hyrbid and CNG. We need new pictures on the roster because the old one's are kinda old and there should be new pictures. If you have the time to take picturs of the buses, you should post the new picture and replace the old one on the roster. Thank you.

thenovabus",0,0,0,0,0,0
d6a2cd8e576d254f,"Mr. antisemitic, the world hates us and it is not new. Most of the media, most governments in most countries, most of the world really hate us. The reason that the world envies us that God gave us the Torah. And of course after the jealousy has hatred. And that's also why most Muslims hate us crazy. And so they are willing to commit suicide and most importantly try to hit us on the way. Even send their children to suicide bombing. Lol46.120.172.91",1,0,0,0,0,0
49897333f5d1e804,"Thank you for experimenting with the page Appalachian Mountains on Wikipedia. Your test worked, and it has been reverted or removed. Please use the sandbox for any other tests you want to do. Take a look at the welcome page if you would like to learn more about contributing to our encyclopedia.",0,0,0,0,0,0
2d9cfce4f170573c,"""

 Son, I am disappoint. 

You could be studying to get a Ph.D. in biochemistry or a doctorate in medicine, but you waste your life deleting crap and blocking sock puppets on Wikipedia while simultaneously fapping to CP. Give me one good reason why I shouldn't whoop your ass to get you back in shape.  """,1,0,0,0,0,0
c936a588dd523862,"Let me make it perfectly clear... 

...that you are not entitled to rape as you are far too ugly. 94.116.191.218",1,0,0,0,1,0
6b51286d544a4ec7,"""i told you suck monkey butts!!!!!!!!!!"""" said George Washington.........""""hahahahaha and 2 more ha ha ha ha ha oh wait thats 4 ....hahahahahaha""",1,0,1,0,0,0
ed994cbe4d8d0f8f,"OIH!` 

Why u delete my edit????

U idiot!~~ Explain..",1,0,0,0,1,0
cc9771be4c15f179,Bitch nobody cares about your myspace.  You ugly as fuck anyways.  Begging on wikipedia for myspace friends.  You gay as hell,1,1,1,0,1,1
63c62e371750895e,"This all goes to prove how EASILY manipulated LIBERAL RACE-BAITERS are. Especially when aided and abetted by their COMRADES in the mainstream LIBERAL media.

Think back now. Fox was CHIDED for not having enough stories. Liberals LOVE to count, don't they? Except what they claim never ADDS up.

FoxNews, who were still on the wrong side of this, have been vindicated ONCE AGAIN for not jumping on the Justice for Thug Trayvon Bandwagon.

But the liberals will just move on and pretend that this didn't happen. Or claim that Zimmerman's injuries were SELF-inflicted.

You think I'm kidding? Read the comment sections. These liberal race baiters are the most DELUSIONAL idiots ever.

When you look at the BLOOD pouring out from Geo Zimmernan's head on that one photo, the first thought you should have is 'Wow! Whoever did this should be SHOT!'

Good thing he was...",1,0,0,0,0,0
5f91a9421125b997,"Tard, my IP changes every time I reset my router. Your a wiki Nazi.",1,0,0,0,0,0
32ea02b688a6aa87,The article on Killing Sprees names various individuals has having committed a massacre.,0,0,0,0,0,0
cca0ea8f82280a05,"""

 Apologies... 

Apparently you aren't too fond of my most recent contribution, in which I referred to you as a """"cunt"""". This word was admittedly a touch too strong. I hereby downgrade my insult to the more apt 'douche sack'.""",1,0,1,0,1,0
9f1ad5866b8dab21,"you are vandalizing the page, you are the true vandal here",1,0,0,0,0,0
bc07656ace7d5e42,"You Suck
Suck it!!!!!",1,0,1,0,1,0
bb00f15b59ebae66,"It doesn't make any difference anyway Spartaz. Corrupt, rude and dishonest admins do what they want here anyway, just look at the sections above. But here was the start of our discussion  which, despite my polite request, quickly devolved into assumptions of bad faith on your part and extraordinary rudeness by you. Unless I am mistaken it ended with you requesting I not post on your talkpage. Unlike the worms and trolls emerging here on my page, I had no problem complying. I don't like hanging around creeps. I did post once when I saw you closed an AfD as delete when they only comments were in favor of keeping, but then I remembered who you were and removed my comment. Another editor took your inappropriate action to DRV where it was overturned. So again, yes, you are rude, yes, you are involved, yes you are a bad admin, yes you are a consistenet policy violator, yes you are a hypocrite who asks an editor to steer clear but has no problem going after that same editor at your first opportunity, but nevermind. That kind of abusive stupidity and harassment seems to be quite common here.",1,0,0,0,1,0
0b56f5e4691568e4,"FAGGOT 
 FAGGOT 
 FAGGOT 
 FAGGOT",1,0,1,0,1,0
6a2a4daddaf20537,"Revert pf Jack Thompson (Attorney) 

Why....................that guy sucks ass dude, and a gamer like yourslef must know that lol.If I wernt an IP id revert it lol.72.138.216.89   (Im not actully a bad person on wikis, Im an admin on sevral wikis on wikia, most notably wookieepedia and the WoW wiki, I just do this shit for fun, try it sometime LOL.",1,0,1,0,0,0
5dc00ffabee5624c,butt butt butt butt butt butt butt butt butt butt butt butt butt butt butt butt butt butt butt butt vbutt vbutt butt v v butt v butt butt butt vbutt vbutt,1,0,0,0,0,0
ac6dd38a0ee27fef,"""
Godwin devised his Law (and others built on it) with reference to discussions such as the one on this Talk page. Its antecedents lie in Reductio ad Hitlerum, also called argumentum ad Hitlerum, or reductio (or argumentum) ad Nazium – dog Latin for """"reduction (or argument) to Adolf Hitler (or the Nazis)"""" – a modern informal fallacy in logic. It is a variety of both questionable cause and association fallacy. The phrase reductio ad Hitlerum was coined by an academic ethicist, Leo Strauss, in 1953. Engaging in this fallacy is sometimes known as playing the Nazi card. Doing so (that is, playing the Nazi card) destroys one's credibility, which is why you have been patiently advised not to do it. If indeed Patiwat initiated the article on Banjerd Singkaneti, note that he also included the protest of The Embassy of Israel as published in the Bangkok Post. That protest, strictly my POV of course, demolishes Banjerd's credibility. Notice, however, that that is MY POV; others, who prefer not to be confused by facts, would believe that it is the Israelis' credibility that has been demolished. As for your credibility, write now I think you incredibly angry, which is not a bad thing to be, if only you learn to focus it properly. If you do learn to focus properly, then you will find that you and Patiwat are allies opposed to the policies of PAD as practiced in present-day Thailand, without reference to what went wrong in the middle of the last century in the middle of Europe.   """,0,0,0,0,0,0
e323c5f25a2529f2,"Thanks 

Loopla,

Thanks for the tip, and don't worry I completely understood )

 Australia2world",0,0,0,0,0,0
2ed5af1e888a6295,this guy callled Kansas the arm taker is nothing but a loser provocateur. nobody should believe him. he is troling around and making a mess in wikipedia. he is sponsored by some weird government agancies . he is very racist and he thinks racism is the only way to use internet. please becareful for this one and report him right away.,1,0,0,0,0,0
369502e3ade682aa,I think Rick's idea of working on a new version in a subpage is probably the best idea.  (I'll probably write more when my current grogginess lifts; I'm writing right now to confirm my interest.),0,0,0,0,0,0
bea641646dd99c00,know that Salivo sucks,1,0,0,0,0,0
9b59557c62fab9f7,"OK
OK IT WAS A Joke. I have seen too many people bitching because the canon is female so i wanted to pull a prank",1,0,0,0,0,0
54e0659442ca709f,"This is how the truth stands.suck on my wiener. hotdogs make you hungry. Now, are you going to comply to the fact. 206.217.211.117",1,0,1,0,0,0
d2e4562bda35f822,"""

I say go for it!, It's been unsourced for long enough. →Talk to me!→ """,0,0,0,0,0,0
53fa28066318aca1,"""
Hi there. I just asked  to do it whilst giving him the necessary details (message content, list of recipients, heading name and edit summary).  I don't know how his bot works - he did the work.  Normally we use  for the newsletter, but it's not working at the moment.(talk) """,0,0,0,0,0,0
e3930e11bca2d38d,"hi,my friend, i am so sorry to heart that, but now i can not find the way to rename my accout, so can you tell me how to rename my accout? thanks very much!(  )",0,0,0,0,0,0
34075f64c92a906f,"To the psycho calling himself Majeston, who has no respect for the real name and meaning of this title, and hence is a genetic loser. We have viewed your postings and have found you to be unfamiliar and a failure at your understanding of the true ongoings of the Urantia movement. The facts are that the Urantia Readers-Intl is a large, fast moving, and growing organization that stayed with the original Midwayer mandates and the 1950 Doctorine of Trust - that is one reason why we grabbed the torch of the Urantia Brotherhood and still hold it in true light. 

The slow failure of the Urantia Book Fellowship has caused many of their misguided believers to join the Urantia Association International and the Urantia Readers-Intl... and these are the inside facts, which you are not a privy to. So, little man, here are the facts once again reinstated, for your reality....  if you delete us, we delete you (Fellowship); if you put the Urantia Book Fellowship link back in, and keep ours in, the we keep yours in; if you place the Urantia Book Fellowship link above us, we will place our link above you... you want a war, you got it.",1,0,0,0,1,0
7e99f5b138965ab6,"Whatever happened to Judas Devlin?
I see he's no longer on the list, did a source emerge to announce his release? If so he's not on the WWE Alumni list either. Just curious if he fell through the cracks?69.171.176.65",0,0,0,0,0,0
963fe337d636897f,"Thank you for experimenting with Wikipedia. Your test worked, and has been reverted or removed. Please use the sandbox for any other tests you want to do. Take a look at the welcome page if you would like to learn more about contributing to our encyclopedia.    | Talk`",0,0,0,0,0,0
0325d248b8875710,"""

So threatening to try to have me banned for editing is fine, but when I suggest having your account deleted for constantly deleting entire paragraphs, completely ignoring Wikipedia's policies with regards to that, instead of tagging or editing, suddenly it's bullying? Nonsense and you know it, you're just trying to make me look bad by resorting to the """"you're a bully"""" nonsense. You have also not answered my question on which part is not neutral, despite my statement that I would edit it - you just deleted it again. Get over yourself. You do not own Wikipedia, the tags you've placed on your user page don't change that fact. You delete entire paragraphs for the sake of one word? I have occasionally made the mistake of putting a subjective word in an edit before, and someone has noticed - you know what they did? THEY EDITED IT! You have just admitted in writing that instead of editing paragraphs that you believe are not neutral, or marking them as such, you are deleting entire paragraphs against the policy of Wikipedia.""",1,0,0,0,0,0
75c6dfdfa0888472,"""
Yahel, you despise this article so much that you are going to propose a change to the manual of style? The MOS is based on consensus. And Skomorokh is right - you are missing the point. On many levels in fact. I don't propose changes to WP:CIVIL when I get pissed. Work with others, or leave. Stormfront, the source, is not reliable? But non-members are? This is going nowhere if you are going to propose policy changes everytime you hit a brick wall.  talk """,0,0,0,0,0,0
1d2b1540745088a2,"""

Oppose, slightly.  While I agree that the current use is not necessarily primary, I do not see how moving this will result in a net positive. eth 
With the city article averaging at least 300,000 more readers a month, wouldn't it make more sense to have """"New York"""" redirect there? It would be a net positive if the least amount of readers are displaced, and given that the city seems to be the primary usage, especially internationally, I think that redirecting """"New York"""" to the city would do just that. Cheers, •me """,0,0,0,0,0,0
c29ac97b4725d639,"Still, no one here wants this encyclopedia screwed by that dickhead. Also I'm not new here. I've been here for a while. As in honest about what I want for my birthday (in 2 days), have that dickhead blocked. User:Factual80man",1,0,1,0,1,0
941efceb270aa447,"""
Well it's understandable not wanting the infobox to be overfilled with info. As for the family, spouses and children have around as much impact on decisions as religion, so why include that? And for politicians, most of them are married and have kids, so it would do well to include this info either for all, or just the few that are divorced or single. And as for the """"alma mater"""" section, I believe it's essential to display what degree(s) they earned, as alma mater is just what schools were attended, and could confuse readers. I hope we can compromise on this.  (What'd I do this time?) """,0,0,0,0,0,0
3ffb5ba252bcc109,"January 2013 (UTC)

Do not call me a sock, you arrogant piece of filth.   14:01, 9",1,0,0,0,0,0
2008e35b988e4df4,"""

 Please do not vandalize pages, as you did with this edit to Nail. If you continue to do so, you will be blocked from editing.  gabsadds """,0,0,0,0,0,0
f9a8aeb86407caa3,"""

 Non-enyclopedic? 

""""On February 24, 1943, Iowa put to sea for shakedown in the Chesapeake Bay and along the Atlantic coast. She got underway on August 27 for Argentia, Newfoundland to neutralise the threat of German battleship Tirpitz which was reportedly operating in Norwegian waters.""""

The terms/word """"put to sea"""", """"shakedown"""", """"underway"""", as well as calling it """"she"""" seems non-encyclopedic to me, and is more colloquial than should be. Something should be donw about this. Also, I'm changing """"neutralise"""" to the correct spelling of """"neutralize"""", with a """"z"""". """,0,0,0,0,0,0
4e603d360e37ca2d,"Also the ip attacker was from california, where you are from. Im not stupid, you think you're right but your nothing but a pathetic loser.",1,0,1,0,1,0
111dff200360a99a,"Horrible horrible... 

...little shit, That's what you are. Horrible horrible....

...things are going to happen to you, you meddling little fuck! 217.41.238.156",1,0,1,0,1,0
f8b05b9ae771fb50,"Are all professors of rhetoric pompous, self-centered assholes?  Or is it just you?",1,0,1,0,1,0
2a2805dc384e9b60,"Also, I Ohnoitsjamie am a homosexual who likes butt sex.",1,1,1,0,0,1
838f4e95b4e741e2,"Gavin, the 'main article' such as there is one, would be Global Warming, not Climate Change.  There's stuff in the archives, not sure if you saw all replies to your prior discussion on this?  ‒ Jaymax✍",0,0,0,0,0,0
39a8bb56027f9e30,It seems that AE defend anything - including vandalism- that helps him to promote his personal PoVs.,0,0,0,0,0,0
225f8ada59532565,"I know you know I didn't make that attack. But I am apologizing nonetheless. Obviously vandalism is to be expeced, but that does not mean it should be apologized or overlooked. Especially in the case of a personal attack. So, I offer my apologies that you were treated in such a manner, and that there are editors on this wiki who would behave in such a manner. I suppose that's what us editors are here for. We make Wikipedia a better place.  (parlez à moi) Ici pour humor",0,0,0,0,0,0
253db2d4d4eb81a5,"Do you know what you are? You are a stupid Canadian. And do you know what stupid Canadians do? Nothing. They speak French, and play stupid ice sports. Case closed.",1,0,0,0,1,1
b567469c10620312,FUCK YOU FUCK YOU FUCK YOUa,1,1,1,0,1,0
4a996c830b230a53,"January 2008 
 Please stop. If you continue to vandalize Wikipedia, you will be blocked from editing.  FRACTIONS (t | c)",0,0,0,0,0,0
533690b6edea74c9,"""
nsaum75 should be blocked from editing this and similar articles. it is clear he is zionist and only edits from that standpoint. his attempt at creating a stacked rfc with a """"independent"""" closing admin being jewish is further examples of his attemp to hijack this article for the zionists.   """,0,0,0,0,0,0
adf8798fd6e3a5c1,"I know you're going to read this Rhymeless, so tell me, how is what you wrote different from what I did?  And, would you call Hendrix a guitar virtuoso or a great guitarist?  Why can't Popper be one of the greatest harp blowers there is?  Reply here cunt.",0,0,0,0,0,0
2e039ede1cdd268c,Mark asten is a pussy pussy pussy pussy pussy pussy pussy loser loser loser fucker fucker fucker hooker hooker hooker son of a bitch son of a bitch son of a bitchWelcome,1,1,1,0,1,0
673425d16f6fb2e0,"""

Triple dittos.  Sorry I didn't vote before you withdrew.  (talk) """,0,0,0,0,0,0
c05a6f47d1a70cd0,"I think mucha lucha is the most homosexual show i've ever witnessed in my life. Yep, even more than Borat. I mean, who in the right mind would want to watch a bunch of beaners wrestle? What the fuck is that.",1,0,1,0,1,0
38563f09d0a4ec60,"Oh, well Harry finally got his payback on me. I could tell you could not stand that I was right about the Ryanair incident. I also like how you got so upset that your minor incident was not going to be included that went ahead and removed the incidents that the Irish aviation authorities labeled as serious incidents and had been in the article for a few years. Harry do wiki a favor and stay away from aviation articles, you obviously have the same insight into aviation as a two year old has into biology. Do me a favor, since this is two personal attacks in 24hrs, PLEASE permanently block me so I don't waste anymore of my time on this excuse of an encyclopedia. After trying to help this site out, it is obvious that this site is a joke. 76.19.222.40",1,0,0,0,0,0
84c57160394806bc,(I hate free speech it is shit.),1,0,1,0,0,0
2b37dd4b80a36b9c,"wiki 

ur such a nerd man....why waste ur time editing wikipedia?",1,0,0,0,0,0
db072ff4a20a343c,"""
You are actually trying to goad me into an arguement.  How cute.  When you just said on your cute ANI post that we are wearing you out with our arguements.  As for that diff of your prefer versions, it would be the one before I reverted you...this one.  You didn't like the comprimise, so you revert it to what you feel is best, not to what was there before.  Try reading up on WP:OWN, cause you are trying to own this article and that ain't gonna happen.

Oh, and for someone """"standing by"""" their statement that it is good for people to believe ASE had a friend that was a murder victim.  You sir are a callous asshole (and I stand by that term) and nothing you do will make me believe otherwise.  If you can't see what you wrote was unthinkably wrong, rude and cold...you don't deserve to be on Wikipedia, not alone the internet....or this planet. -  • Talk • """,1,0,0,0,0,0
16b467872a0f67c0,"""
Yeah, audio examples would be illustrative.  —  [ãːɱ ˈfɹ̠ˤʷɪ̃ə̃nlɪ] """,0,0,0,0,0,0
eee236660953137a,"n ig ger nig ger 

Hi n i g g e r",1,1,1,0,0,1
a73c20413128bb49,what the hell is your problem dumbass,1,0,1,0,1,0
88aeacd0e2139f09,"""

Sorry, Paperpencils. I must have miss-judged your edit.
Also, please remember to sign your posts with four tildes (~~~~) hadley """,0,0,0,0,0,0
98edf286acce2225,"Starfu*k 

Time to pull this rubbish. She's not going to marry you. The role of armour in fashhion. That's like the role of Wolverhampton in fashion. What we are talking abpout is taking people seriously because they inherited lashings of money or divorced well. Grow up - maybe she'll lend you a skirt!",1,0,0,0,0,0
15781827f812a3d3,""" (This post placed here """"19:35, 26 September 2005 Grazon"""" who does not sign his/her postings on Wikipedia)

I don't understand what you mean political beliefs - are you implying that I am taking the opposite side of this argument because Harding is a Republican, ergo, I feel the need to protect him?  I'm sticking up for the man because I have looked at primary resources and know what they say and what they do not contain - which is any inkling of Klan involvement. What I can't figure out is why is it so important for you include Harding in the Klan, that you would base you whole argument on what one book claims.  """,0,0,0,0,0,0
564a647a1506de01,"A proposal to cut down on AIDS 

Less AIDS would be spread if you were to stop inserting your minuscule penis into little boys.",1,0,1,0,1,1
64e123538db4923a,"Your a racist 

Excuse me?  Nonsense?  Where?  What?

I have proof of every change I have made.  More than I can say for you.",1,0,0,0,1,0
a7e293e89ce4fc1e,"""
PS. You watch that foul mouth of yours Madam. """"Innuendo"""" indeed. I've blocked for less. ;-)""",0,0,0,0,1,0
c1aea9051495a038,"The link is here - https://en.wikipedia.org/wiki/Talk:A%E2%88%B4A%E2%88%B4 If you look at the history over the last year or so there have been no links allowed by the editors. This is a consensus issue and you can take it up on the talk page again if you like. They are problematic in numerous ways and at this point it would be senseless to just let them accrete. If you want links, and not just your personal preference, you should compose an authoritative (backed up by secondary sources) list and submit it for scrutiny. Is the link you provided referenced by any other independent source? If not it doesn't meet Wikipedia's standard of scrutiny. Love is the law, love under will. ~Stealthepiscopalian.",0,0,0,0,0,0
c6a5fdd3bcb78c86,I agree with every word of that.,0,0,0,0,0,0
811e6c04cb42f1d3,"disgusting 

Your behavier is a disgrace to wikipedia.",1,0,0,0,1,0
deda8ba3d19f4222,"And to make very clear that Cahill (alone) was my original source, for this matter.",0,0,0,0,0,0
aa699b024b46da4a,"do you know what i say gas the mother fucking jews 

ANHERO KILL YOURSELF DRINK BLEACHANHERO KILL YOURSELF DRINK BLEACHANHERO KILL YOURSELF DRINK BLEACHANHERO KILL YOURSELF DRINK BLEACHANHERO KILL YOURSELF DRINK BLEACHANHERO KILL YOURSELF DRINK BLEACHANHERO KILL YOURSELF DRINK BLEACHANHERO KILL YOURSELF DRINK BLEACHANHERO KILL YOURSELF DRINK BLEACHANHERO KILL YOURSELF DRINK BLEACHANHERO KILL YOURSELF DRINK BLEACHANHERO KILL YOURSELF DRINK BLEACHANHERO KILL YOURSELF DRINK BLEACHANHERO KILL YOURSELF DRINK BLEACHANHERO KILL YOURSELF DRINK BLEACHANHERO KILL YOURSELF DRINK BLEACHANHERO KILL YOURSELF DRINK BLEACHANHERO KILL YOURSELF DRINK BLEACHANHERO KILL YOURSELF DRINK BLEACHANHERO KILL YOURSELF DRINK BLEACHANHERO KILL YOURSELF DRINK BLEACHANHERO KILL YOURSELF DRINK BLEACHANHERO KILL YOURSELF DRINK BLEACHANHERO KILL YOURSELF DRINK BLEACHANHERO KILL YOURSELF DRINK BLEACHANHERO KILL YOURSELF DRINK BLEACHANHERO KILL YOURSELF DRINK BLEACHANHERO KILL YOURSELF DRINK BLEACHANHERO KILL YOURSELF DRINK BLEACHANHERO KILL YOURSELF DRINK BLEACHANHERO KILL YOURSELF DRINK BLEACHANHERO KILL YOURSELF DRINK BLEACHANHERO KILL YOURSELF DRINK BLEACHANHERO KILL YOURSELF DRINK BLEACHANHERO KILL YOURSELF DRINK BLEACHANHERO KILL YOURSELF DRINK BLEACHANHERO KILL YOURSELF DRINK BLEACHANHERO KILL YOURSELF DRINK BLEACHANHERO KILL YOURSELF DRINK BLEACHANHERO KILL YOURSELF DRINK BLEACHANHERO KILL YOURSELF DRINK BLEACHANHERO KILL YOURSELF DRINK BLEACHANHERO KILL YOURSELF DRINK BLEACHANHERO KILL YOURSELF DRINK BLEACHANHERO KILL YOURSELF DRINK BLEACHANHERO KILL YOURSELF DRINK BLEACHANHERO KILL YOURSELF DRINK BLEACHANHERO KILL YOURSELF DRINK BLEACHANHERO KILL YOURSELF DRINK BLEACHANHERO KILL YOURSELF DRINK BLEACHANHERO KILL YOURSELF DRINK BLEACHANHERO KILL YOURSELF DRINK BLEACHANHERO KILL YOURSELF DRINK BLEACHANHERO KILL YOURSELF DRINK BLEACHANHERO KILL YOURSELF DRINK BLEACHANHERO KILL YOURSELF DRINK BLEACHANHERO KILL YOURSELF DRINK BLEACHANHERO KILL YOURSELF DRINK BLEACHANHERO KILL YOURSELF DRINK BLEACHANHERO KILL YOURSELF DRINK BLEACHANHERO KILL YOURSELF DRINK BLEACHANHERO KILL YOURSELF DRINK BLEACHANHERO KILL YOURSELF DRINK BLEACHANHERO KILL YOURSELF DRINK BLEACHANHERO KILL YOURSELF DRINK BLEACHANHERO KILL YOURSELF DRINK BLEACHANHERO KILL YOURSELF DRINK BLEACHANHERO KILL YOURSELF DRINK BLEACHANHERO KILL YOURSELF DRINK BLEACHANHERO KILL YOURSELF DRINK BLEACHANHERO KILL YOURSELF DRINK BLEACHANHERO KILL YOURSELF DRINK BLEACHANHERO KILL YOURSELF DRINK BLEACHANHERO KILL YOURSELF DRINK BLEACHANHERO KILL YOURSELF DRINK BLEACHANHERO KILL YOURSELF DRINK BLEACHANHERO KILL YOURSELF DRINK BLEACHANHERO KILL YOURSELF DRINK BLEACHANHERO KILL YOURSELF DRINK BLEACHANHERO KILL YOURSELF DRINK BLEACHANHERO KILL YOURSELF DRINK BLEACHANHERO KILL YOURSELF DRINK BLEACHANHERO KILL YOURSELF DRINK BLEACHANHERO KILL YOURSELF DRINK BLEACHANHERO KILL YOURSELF DRINK BLEACHANHERO KILL YOURSELF DRINK BLEACHANHERO KILL YOURSELF DRINK BLEACHANHERO KILL YOURSELF DRINK BLEACHANHERO KILL YOURSELF DRINK BLEACHANHERO KILL YOURSELF DRINK BLEACHANHERO KILL YOURSELF DRINK BLEACHANHERO KILL YOURSELF DRINK BLEACHANHERO KILL YOURSELF DRINK BLEACHANHERO KILL YOURSELF DRINK BLEACHANHERO KILL YOURSELF DRINK BLEACHANHERO KILL YOURSELF DRINK BLEACHANHERO KILL YOURSELF DRINK BLEACHANHERO KILL YOURSELF DRINK BLEACHANHERO KILL YOURSELF DRINK BLEACHANHERO KILL YOURSELF DRINK BLEACHANHERO KILL YOURSELF DRINK BLEACHANHERO KILL YOURSELF DRINK BLEACHANHERO KILL YOURSELF DRINK BLEACHANHERO KILL YOURSELF DRINK BLEACHANHERO KILL YOURSELF DRINK BLEACHANHERO KILL YOURSELF DRINK BLEACHANHERO KILL YOURSELF DRINK BLEACHANHERO KILL YOURSELF DRINK BLEACHANHERO KILL YOURSELF DRINK BLEACHANHERO KILL YOURSELF DRINK BLEACHANHERO KILL YOURSELF DRINK BLEACHANHERO KILL YOURSELF DRINK BLEACHANHERO KILL YOURSELF DRINK BLEACHANHERO KILL YOURSELF DRINK BLEACHANHERO KILL YOURSELF DRINK BLEACHANHERO KILL YOURSELF DRINK BLEACHANHERO KILL YOURSELF DRINK BLEACHANHERO KILL YOURSELF DRINK BLEACHANHERO KILL YOURSELF DRINK BLEACHANHERO KILL YOURSELF DRINK BLEACHANHERO KILL YOURSELF DRINK BLEACHANHERO KILL YOURSELF DRINK BLEACHANHERO KILL YOURSELF DRINK BLEACHANHERO KILL YOURSELF DRINK BLEACHANHERO KILL YOURSELF DRINK BLEACHANHERO KILL YOURSELF DRINK BLEACHANHERO KILL YOURSELF DRINK BLEACHANHERO KILL YOURSELF DRINK BLEACHANHERO KILL YOURSELF DRINK BLEACHANHERO KILL YOURSELF DRINK BLEACHANHERO KILL YOURSELF DRINK BLEACHANHERO KILL YOURSELF DRINK BLEACHANHERO KILL YOURSELF DRINK BLEACHANHERO KILL YOURSELF DRINK BLEACHANHERO KILL YOURSELF DRINK BLEACHANHERO KILL YOURSELF DRINK BLEACHANHERO KILL YOURSELF DRINK BLEACHANHERO KILL YOURSELF DRINK BLEACHANHERO KILL YOURSELF DRINK BLEACHANHERO KILL YOURSELF DRINK BLEACHANHERO KILL YOURSELF DRINK BLEACHANHERO KILL YOURSELF DRINK BLEACHANHERO KILL YOURSELF DRINK BLEACHANHERO KILL YOURSELF DRINK BLEACHANHERO KILL YOURSELF DRINK BLEACHANHERO KILL YOURSELF DRINK BLEACHANHERO KILL YOURSELF DRINK BLEACHANHERO KILL YOURSELF DRINK BLEACHANHERO KILL YOURSELF DRINK BLEAC",1,1,1,0,0,1
c8ec3d8c11c2ea8c,Is that supposed to defend your point?,0,0,0,0,0,0
6fa545864c21d7ee,"STOP! 

Plz just leave me alone you jerk! Stay out of my way! PLz!
173.51.203.228",1,0,0,0,1,0
f7d0a7f582a12166,"Pennsylvania GAR notification 

Pennsylvania has been nominated for a good article reassessment. Please leave your comments and help us to return the article to good article quality. If concerns are not addressed during the review period, the good article status will be removed from the article. Reviewers' concerns are here. (t/c//WP:CHICAGO/WP:LOTM)",0,0,0,0,0,0
d3741a61f9c91ac0,http://en.wikipedia.org/w/index.php?title=Moira_Cameron&action;=historysubmit&diff;=323490716&oldid;=323490704 Why do I bother?,0,0,0,0,0,0
6084368bf0034273,"""

 Blinking signature 

I noticed your signature on another user's talk page.  The guidelines at Wikipedia:Signatures#Appearance and color say, """"Your signature should not blink, scroll, or otherwise inconvenience or annoy other editors.""""  Please change your signature to remove the blinking, and let me know if you have any questions.  Thanks!   talk """,0,0,0,0,0,0
24da134e2415e104,Take yourwarning and shake salt on it and shove it up your poop pipe...,1,0,0,0,0,0
e21bca55de5692e2,"Did you read the user attack
Did you actually read the attack on the user Yamla or did you just spot a few words, see a few opinions you didn't like and make a snap judgement? The only reason I put it there is because no-one listens elsewhere, I won't get a response to this, because you know you wrong, sure I did ruin his page, but I didn't attack him, I just had to make sure he understands (hey I can admit where I went wrong, can you?). But of course if you don't agree with the admin on wikidelusion you should fuck-off right? Can I have a structured debate about the actions against myself and the user Eddieebo, debating against the collective admin of wikipedia, primarily the people who imposes actions on myself and Eddieebo? Or are you afriad to be proven wrong yet again?",0,0,1,0,0,0
6509834d60dcafd9,"Cork would pass WP:POLITICIAN, yes.",0,0,0,0,0,0
a6b3748926204d69,"Hello there you stupid weedhead! 

You are so f***ing stupid and dumb. Stop deleting my pages!! I´m just trying to help. You do also got a very lame and uncool username. /angrybirdlover1337",1,0,1,0,1,0
8656a58e9991605f,"english 

I am basically a native speaker of English, my mom is American. I found your condescension insulting and unnecessary.",0,0,0,0,0,0
2253cb9159263acb,"Aroenel, here's what (at least what I think) you don't understand you say/assume that since most (or at least what you believe to be most since you've never put forth any evidence supporting that claim) feminist accept men as supporters they promote equality for men (which is SYNTH). If I start a political movement that states women should be slaves to men and I allow women who agree with my movement to support it does that mean my movement unquestionably promotes equality for women (allowing a group to support you and promoting equality for that group are two different things)?",0,0,0,0,0,0
67c8887832419208,"Our boss doesn't give a crap.  We're on facebook all day.  But seriously, it's that big of an issue, that you have to block out everyone? That seems a bit unreasonable.  Have a good day.",1,0,0,0,0,0
550abb4d31460132,ps. also guys I KNOW we are lazy as fuck but come on we have to..well...stop being lazy! Get some work done XD,1,0,1,0,1,0
f65705ec06812e32,"Hey Jeremy! 

FUCK YOU!!! AND FUCK YOU ALAN! Good to know you mother fuckng pussies protect each other. Get a lfie with your empty threats you fucking faggot, you fucking stickingyour bare unprotected dicks within each other's assholes. FUCK YOU cocksucker!
Scratch my asshole and condensate the moisture from my dirty rectum onto the roof of your mouth then give me head.",1,1,1,0,1,0
81371cf069856f3f,"""So a person of Pakistani or African decent can't be classed as English in your view? Or you think that all skinheads are racists - even the black ones? And you feel that blacks and asians are """"taking over"""", well you must read the wrong sort of newspapers if those are the views you hold. I know that you must be consumed with self-loathing at not being English, but hey, look on the bright side, you can just add it to the list of other things """"you people"""" spend your miserable lives whining about. Take care now!  

""",1,0,0,0,0,0
ffe78922d780fdb5,"""

 Right to vanish 

See the article Wikipedia:Right to vanish.   |  Talk """,0,0,0,0,0,0
3d7b3c1eecb6c786,"Now come on, that hardly seems fair does it.  You accuse a lot of people of a lot of things, and yet you can't take criticism yourself.  Seems like a bit of a contradiction.",0,0,0,0,0,0
4f13d0660770f7cd,"Some Peoples on Here are stupid Idiots and Arrogant. I know what I am doing and what I am editing. I give them Sources and Reliable ones but they won't listen to the Crap I give them. These peoples are so bias. I guess i rue, They do give out false information.",1,0,0,0,1,0
98c9ff34a80bb43a,"Sockpuppetry

I am not a bloody sockpuppet, I am just a new user trying to contribute to Wikipedia.",1,0,0,0,0,0
7303000ba5dd8b0a,"Kindergarden! 

Some ignorants've added Pakistanis on the article. Pakistanis are Indid, not Iranid. What's next then? Gypsies?",1,0,0,0,0,0
f746352ba45a0875,"""
It should be named as """"Navarre"""", the English term is Navarre, not """"Navarra"""". 80.58.205.42  """,0,0,0,0,0,0
044f39de7fce756e,"You have no friends in real life, what makes you think anyone on the internet will like you?  Take the hint, you're an a-hole.",1,0,1,0,1,0
43a407ad056d8562,"HEY ALAN!
YOU FUCKING SUCK MY DICK, you gayboy. suck it hard and choke on it. don't ban me, please...",1,1,1,0,1,0
6cc309e52ec91f06,"per WP:Fresh start and due to constructive edits that only improve Wikipedia.  No one who actually wants to build an encyclopedia has any issues with me and nor would they.  Bad faith and disruptive deletionist account Kww has an obvious conflict of interest (see his RfAs) and should have nothing to do administratively with regards to me.  If this request needs to be forwarded to arbitrators, please do so.  Thank you for your time and help!",0,0,0,0,0,0
6d0ed912c0293979,I'll revise the criticism when A520 does. The unprofessional behaviour of this user indicates he ought not to have admin privileges. He has been reported for abuse of authority.,0,0,0,0,0,0
39b90bf369cf6b7c,Congrats on your first Headley experience Fainites. I think your voice as a new and independent editor in this headley saga made a huge difference and completely deflated his cabal theory stories. He really is utterly delusional. And thanks everyone for your continued diverse yet civil opinions on representing this controversial/criticized topic of NLP. I'm sure we'll create a balanced and useful article yet.,0,0,0,0,0,0
34d6967ad6b846a8,", always a total asshole",1,0,1,0,1,0
588f7ab2797fdbb0,"""

Ok, let me say it again
Come on, now you guys are just being piece of shit jews. I mean you have to admit, the guys in pink floyd play their instruments about as slow as a nigger works. I shouldn't even call what they play music. It's just a bunch of alarm clocks and cashier regirsters! But you know what the most pretentious thing about them is, its their lyrics. All af their songs are just surrealist poetry sung over doom-noise pop, and everyone starts calling them genius's over it. The truth is, their songs have no meaning. Take the album """"The Wall"""" for instance; sure it tells a story, but what is the moral and the meaning of the story? And dont tell me that the purpose of their songs is to make you think. The only way that music as slow as pink floyd could make you fucking think is if you were just as stoned as they are, which you kikes probly are... 
And one last time: 1) pink floyd fucking sucks    2) david fuckmor should taste my ass    3) you should to""",1,0,1,0,1,1
0898e89ddd71b4bf,"Why the fuck did you delete my article, Battlefield Podcast, for no god damn reason? It's not the deleting that pisses me off, it's the fact that you didn't even tell me or give me a reason why it was deleted. Everyone who has read that enjoyed it, then someone like you comes and deletes it because they don't like podcasts about videogames. Too fucking bad.

You should get a girlfriend instead of spending your time on Wikipedia deleting perfecly fine articles like that, you tightarse loser.",1,0,1,0,0,0
8393c3d6558a5317,"hi, i'm working on czech wiki, why can't i place useful link here?",0,0,0,0,0,0
9d0b43bb08dda7c8,{{unblock] i do not belive it is fair for me to be blocked and the unregistered user has been warned several times and has yet to be blocked. i was just defending myself yet he keeps coming into my talk and call me out. it just does not seem like justice.}},0,0,0,0,0,0
4d8cca56ca433b97,"Gay Sex

Demiurge is always up for some hot gay sex.",1,0,0,0,0,0
d42f53e64349bbb0,"""

It's definitely not a POV issue, it's a preference issue.  POV involves actual content issues where unverified and/or biased comments are made in the body of the article in relation to the subject (like saying """"Roosevelt High School is known for its strong academic programs"""" without any third-party sources to verfiy).  It would be one thing if I owned the kentschools.net domain and was pushing it to further my own viewpoint or product or kentschools.net was not an official school site, but neither is the case.  The difference between the two domain names is simply a matter of technical ownership, but not one of content or one being """"official"""" and one not.  Also, they are not redirects to each other.  For example, the popular website http://www.espn.com is actually a redirect to the real address.  If you type in www.espn.com (or click on the link), you will see the address in your browser change to http://espn.go.com.  If that were the case here, say kentschools.net redirected to kent.k12.oh.us, then yes, it would make sense to simply type in the actual address rather than the easier to remember one.  But in this case, the Kent City Schools website exists on both domain names, not one with a redirect to another.    """,0,0,0,0,0,0
47f18388952e3ee7,"White Trash
Fuck off you white piece of trash. Fucking wiggers. Go and fuck a Jew, Jew raper.",1,1,1,0,1,1
6d8d20a349d41fed,That's only an estimation. We have no way of knowing what date he was born on.,0,0,0,0,0,0
159c3de5a5a142a0,"""

 ROFL 
When I go to edit an article it says 'personal attacks or harrasment of other users'. That is so effing funny right there, """"harrasment of other users"""". Don't post here. not when you cry about the fact I called you 'dumb'.""",1,0,0,0,1,0
6492569bd454b550,"""

This is Not a Popularity Contest.  This is About being HISTORICALLY ACCURATE and if you REALLY BELIVE THERE WAS NO BLOOD spilled during the Indian Removal that you are eaither ignorant, uneducated, uncaring, disrespectful or all the above? Since Wiki is predjudice on what """"they"""" choose to use as reliable sources, please reference

1.) http://books.google.com/books?id=SP8WAQAAMAAJ&q;=Trail+of+blood+and+tears+%2B+native+american&dq;=Trail+of+blood+and+tears+%2B+native+american&hl;=en&ei;=Dq6CTv3GHtK3tgepoMDeBw&sa;=X&oi;=book_result&ct;=result&resnum;=8&sqi;=2&ved;=0CFUQ6AEwBw

2.) http://www.google.com/search?tbm=bks&tbo;=1&q;=Trail+of+blood+and+tears+%2B+native+american&btnG;=#sclient=psy-ab&hl;=en&tbo;=1&tbm;=bks&source;=hp&q;=%22Trail+of+blood+and+tears%22&pbx;=1&oq;=%22Trail+of+blood+and+tears%22&aq;=f&aqi;=&aql;=1&gs;_sm=e&gs;_upl=21216l21700l5l22370l2l2l0l0l0l0l203l312l0.1.1l2l0&bav;=on.2,or.r_gc.r_pw.&fp;=2ba85e9b8f16205f&biw;=1112&bih;=545

3.) http://www.google.com/search?tbm=bks&tbo;=1&q;=Trail+of+blood+and+tears+%2B+native+american&btnG;=#sclient=psy-ab&hl;=en&tbo;=1&tbm;=bks&source;=hp&q;=%22Trail+of+blood+and+tears%22+cherokee&pbx;=1&oq;=%22Trail+of+blood+and+tears%22+cherokee&aq;=f&aqi;=&aql;=1&gs;_sm=e&gs;_upl=28189l30279l6l30482l9l9l1l0l0l0l202l937l1.5.1l8l0&fp;=1&biw;=1112&bih;=545&bav;=on.2,or.r_gc.r_pw.&cad;=b

71.228.80.4  """,1,0,0,0,0,0
a368fde7ede4c9ac,"LGagnon 
i for one, think lgagnon is a big fat cock sucker.  lgagnon? Lgagnon my nuts.",1,1,1,0,1,0
23765df77e0e0cc1,"""

 Crocus olivieri istanbulensis 

Dear Rivertorch,

This taxon is one on the three subspecies of Crocus olivieri.
Its correct name is Crocus olivieri Gray subsp. istanbulensis B. Mathew. I have corrected it. 

I hope the anonymous user will not change it again.

Best regards,  (To reply) 

Hi Réginald. If you hadn't arrived on the scene, I was going to ping you. I removed the Turkish image and link, since I didn't think they were germane, but I left it to you to fix the taxonomic details. Does Mathew's classification, as it appears in the article, contain all the known species of crocus?   

Hi River,
The page contains all the recorded species, but not the infraspecific taxa (i.e., the numerous subspecies). Originally Crocus olivieri subsp. istanbulensis was for this reason not included. For consistency reason including it required to mention also -as I did- the two other subspecies olivieri and balansae.
The issue is: if we want to be fully consistent we have to mention also all recorded subspecies (with their distribution as for that of C. olivieri?), among others the numerous subspecies of the variable C. biflorus. A niggling work! I am afraid that the page will become too scholastic.
Your advice about this issue?
Best regards,  (To reply) 
PS: You can find a quite complete list of species and their subspecies on the NCBI taxonomy browser. Type """"Crocus"""" in the """"search for"""" bar.  (To reply) 

Thanks for the link—that's a great resource. I don't think we should worry about its being too scholastic. My main concern would be with consistency: I'm not sure if there are comparable articles that also list all subspecies. The information about subspecies certainly should be available on Wikipedia, but should it go in the main article or in the more specific articles about each species (of which there are now only a few). I don't know.   
For consistency reasons I have added the other subspecies reported in the NCBI taxonomy and cited the source. I agree that additional paragraphs or articles should be written for the most representative species, in which a detailed description of their subspecies would then be done (as e.g. I have done in fr:Crocus).  (To reply) 
Okay. I'd be happy to help with creating new articles and refining translations, if you want to go that route. Just remember I don't know what I'm talking about ;-)    

Dear River,
I have removed again the the logo of the Sultanbeyli District Municipality, that User:Terzinator had added again to Crocus, explaining the reason for doing it (see User talk:Terzinator). Hopefully, he/she will not add it again!
Best regards,  (To reply) 
Thanks, Réginald. I don't do edit wars, so I'm glad there's someone else diligently watching the page. I see that the image appears to lack any copyright info or fair-use claims. I try to avoid any involvement with enforcement of image policies, but if it gets added again I will see if it can be deleted on those grounds.   

 Good comment 

I like this comment at WP:BLPRFC! — Toronto 

Gosh, that was quick. Thanks!   

The timing was purely coincidental. As for me, I’m waiting before reviewing and !voting. The thing seems to be growing exponentially though. Plus, it’s spread across so man",0,0,0,0,0,0
94f5c6667f0bd193,Complaints/Mistakes,0,0,0,0,0,0
0dbf6cd7622fb8e4,! ROBBIE MONCINO LIKES THESE KIND OF PEOPLE ESPICALLY LITTLE BOYS !,0,0,0,0,0,0
5c4bfde8c6d162c3,"""==Notability of Darling Kandie==
A tag has been placed on Darling Kandie requesting that it be speedily deleted from Wikipedia. This has been done because the article appears to be about a person, group of people, band, club, company, or web content, but it does not indicate how or why the subject is notable: that is, why an article about that subject should be included in an encyclopedia. Under the criteria for speedy deletion, articles that do not assert the subject's importance or significance may be deleted at any time. Please see the guidelines for what is generally accepted as notable. 

If you think that you can assert the notability of the subject, you may contest the deletion by adding  to the top of the page (just below the existing speedy deletion or """"db"""" tag), coupled with adding a note on the article's talk page explaining your position, but be aware that once tagged for speedy deletion, if the article meets the criterion it may be deleted without delay. Please do not remove the speedy deletion tag yourself, but don't hesitate to add information to the article that would confirm the subject's notability under Wikipedia guidelines.

For guidelines on specific types of articles, you may want to check out our criteria for biographies, for web sites, for bands, or for companies. Feel free to leave a note on my talk page if you have any questions about this.   """,0,0,0,0,0,0
b7727ffb7ec19526,"""Yes that's because this article is basically the whole """"races don't exist OMG!"""" bullshit that circulates in non-scientific circles (sociology is not a science) 174.54.34.187  

""",1,0,1,0,0,0
23be9ec423673c29,"What is happening here, clearly, is TC is attempting to obscure that past which brings him the greatest infamy and he intends to do that through the addition of reams of irrelevant material that is purely self-promoting rubbish.  We know this because he did it before, to the point where his Wiki profile read like a fantasy novel and he was Prince Charming.

Mr. Calandra is a career promoter and was busted red-handed by the SEC. THAT is his claim to fame. Nothing else is relevant, certainly NOT his biblical promotional materials.",0,0,0,0,0,0
e41842d8b81326ae,I responded on MataNui44's talk page. 76.95.66.209,0,0,0,0,0,0
4e2d2b51f5f30cc7,"Neubius! You are being ridiculous, if not grotesque. Speidel's scapegoating of Rommel is fully described by Ralf Georg Reuth's book, Rommel the End of a Legend, yet you insist on deleting this uncomfortable truth about this serpentine operator turned post-war German idol and insert some nonsense about Stülpnagel screaming Rommel's name under torture. what could possibly be the basis for that, I shudder to think?. Have you or your sources been holding seanses with the July 20 conspirators?. Oh and this is truely exquisite. you claim that Speidel's being a linchpin of the conspiracy cast further suspicion on Rommel, but Neubius, Had Speidel been Known to be a member of the conspiracy he would have been executed!!! Where is your brain? Indeed his very survival would suffice to prove that he scapegoated Rommel, for he had no other superiors to scapegoat. As it happens there are trancripts of his testemony to the Gestapo. Yours, the much dismayed Soz.",0,0,0,0,1,0
09706c1eed549f30,"Might we be confusing stupid with stubborn or inflexible? I've known some technically intelligent people (bordering on genius) who were simply unable to acknowledge that any position other than theirs might be correct. Or their intelligence might be so narrowly focused as to be useless in normal conversation. Personally, I find the terminally stubborn much harder to deal with than someone who's 'stupid.'",1,0,0,0,0,0
2af76f84fc2e03b1,"Hey whats going on here? Surely you guys aren't picking on a kid with down syndrom, are you?",0,0,0,0,0,0
6009bac25a395558,"It's certainly a popular work in some quarters, and I know that it fits your perspective, but that doesn't make it a reliable source. If so many articles cite it, that means a lot more articles need to be fixed.",0,0,0,0,0,0
37c04d928a28400c,Fuck u hope your lanchiau will rot and drop off !,1,0,1,0,1,0
be64621e7bcca2b5,Go fuck yourself bitch,1,1,1,0,1,0
fd30c20a6a70f0c5,"I understand Harold Thomas accepted a payment from the Commonwealth for his intellectual property claim on the Aboriginal flag, and he has no veto over its use.",0,0,0,0,0,0
dd7545a422916610,"Wow, this time, you don't have to be sad again.",0,0,0,0,0,0
a37712c8595c3923,"""
 Awaaze read your pov """" 8000 cases of missing persons have been reported since the start of the war on terror from different parts of the country."""" scoop lol your basically lying througjh your teeth about azad kashmir  """,0,0,0,0,0,0
a2be3d4a69e30eb3,"If you did a thorough Nexis search, you should have seen both the state's appellate brief and the amicus briefs against the sisters. Right there you have sources you're not using. 64.38.197.224",0,0,0,0,0,0
073842942003442a,"""
Maybe you should look up what harassment is.  Please change the reasoning for my block to something respectable that deals with the situation at hand.  I did not harrass you in any way, shape, or form.  I asked you to fuck off in the context of my user talk page.  And I repeat again my statement, fuck off my talk page when this issue is over.  It is my right to ask you to fuck off my talk page.  It is not my right to block you from this page, but again it is my right to ask you to fuck off this user talk page.  Bits andPieces 
And why will you have to do that?  I am disrupting the project by asking you to fuck off my talk page?  Nope.   Bits andPieces 
Lengthened the block to 1 week, and you can't edit this page. I hope you are more reasonable next week, see you then!  // have a cup // ark //  """,1,0,1,0,0,0
627128e4362a87d4,"""The """"Assyrian/Syriac people"""" article will need semi-protection to avoid vandalism. """,0,0,0,0,0,0
8d80eb568e239f5e,Greg Thomas From Albuquerque New Mexico is Gay.,1,0,0,0,0,0
589e1d8def2d2c58,"Eating of Frogs

I have never heard that frogs are forbidden because they live on land and water. However, there is a hadith in which the prophet said it is forbidden to kill frogs. Since we are only allowed to eat slaughtered animals, and to slaughter a frog would be forbidden, therefore it follows we can't eat frogs.",0,0,0,0,0,0
c803e648e2feee07,"""

 shared ip, open wi-fi network 

I got this IP address from a coffee shop's wi-fi network , SSID """"Wireless"""", in Tempe AZ. It's obviously a shared IP, so I'm afraid your insult is seen by the wrong people.""",0,0,0,0,0,0
32829ddc491839b6,And your a PRICK TO EMPOWER ASSHOLES LIKE PROPOL,1,0,0,0,0,0
3c27f46bc2d864cf,"Hey
How are things going here? I was supposed to be on Wikiquote but i ended up here   

 Feelin Horny 

Hi, I am a 21 year old shemale from bangladesh in Toronto looking for hot guy.girl anal action. Please email me at cumswallow@hotmail.com
I charge $21 dollars an hour.",0,0,0,0,0,0
4f8eeca4ccf6d666,"Communists Appearing on Iranian TV + Are They Having A Laugh? 

That is the question. History students will know that Communists inspired the Iranian Revolution in 1979 and did the heavy lifting. They were then butchered by the Ayatollah and his followers. So, what kind of a Leftie would make an appearance on Press TV, which is run by the same Govt? Some kind of a Useful Idiot, that's who!",0,0,0,0,0,0
9275c2727610b31c,"""
Seriously, Irishguy don't you see the absurdity here? You're going to extend a block because I said """"they will have to answer for their actions"""".?? Would you please reveal the acceptable wording available to a mere editor who needs to express disapproval? Perhaps, """"Sir, I recognize that I am as nothing to you, but I humbly, humbly submit to you that your, um, your slightly, lightly aggressive policing of [insert policy here] has a slightly, lightly yes, oh, barely discernible negative impact on our project. Forgive me, O splendorous Admin, for even raising the issue and I will be quiet now."""" Is that close to acceptable?... And then you thunder """"[this] WILL NOT BE TOLERATED""""!, really as if you're royalty or at least a stormtrooper for a very vindictive apparatus ultimately answerable to some sort of tyrant bearing no resemblance to Jimbo... Go ahead, Irishguy extend it. You know you want to. I won't raise a finger to deny you your little endorphin spurt as you hit the button.  """,1,0,0,0,0,0
c9b0eba0f9d55fbc,"P.S Im a fucking cunt rag and enjoy the taste of a nice warm pile of shit every morning. I have a huge stick up my ass so thats why i am blocking you for ten days, because i am sad that you actually have a life, god im a fucking spare",1,1,1,0,0,0
1a29b49b5417d920,"""

 Was """"Beautiful"""" really pitched to Pink? 

I have a problem with the caption below Pink's photo """"Originally, the song was initially pitched to Pink""""; from what I've heard on TV specials, interviews, and such, of Linda and Pink... the song was never pitched to Pink, she heard it before simply because she was working with Linda, but Linda never meant for Pink to get the song. In fact, Linda wanted to record the song herself, and changed her mind only after hearing Christina sing it in the """"Stripped"""" sessions, which was, if I'm correct, moths after """"Misunderstood"""" was finished.

  """,0,0,0,0,0,0
a5dc5b8a2b057db2,"You've been promoted. I may raise a red flag about this pending some investigation. Pakaran seems to be counting neutral votes as oppose votes. I believe this is improper. I will need to do some investigation though to put the issue in order, and clarify why I feel this was improper. Regardless,",0,0,0,0,0,0
3124ddc7bb849847,"This is RIDICULOUS 

Dude, all of this stuff is legit. I don't understand why it is such a big deal. The site has been featured by OFFICIAL Xbox Magazine (see that? OFFICIAL) and Xbox.com, yet another OFFICIAL website. We're just trying to help out, I don't understand what good you're doing anyone if you just leave them there. What, are we linking to porn? It's an Xbox site. All you can do is argue with other members of the site to make yourself feel better. Sockpuppet my ass, CAPiTA's trying to help out people who look at this site while all you can do is try and make it harder for people to find info. Do whatever you want, but you're just an ignorant hater that should lay off.

B Nanny",1,0,1,0,0,0
5bd899fe27a4897d,", block me for two years if you want, but that's not the point. The point is the some nerd reverted all my edits on a silly basis.89.205.38.27",1,0,0,0,0,0
9d668a5d9a7fb10d,lol! what a show of force. its YOU who is trying to WP:OWN wikipedia. supporting blatant lies and hypocrisy. dont you have any courage to face my proven and true edits than to block me?you cowards have not even proven 1 of my edits wrong as you all are supporters of lies and fake articles.108.78.177.132,1,0,0,0,0,0
1f0d9d4742ae88f8,"Campaign, to defray the costs of developing and
distributing this material, are welcome.",0,0,0,0,0,0
767151e3353cd8dd,"Reply: Mr. Blecker, with all the respect that you deserve, this situation you do not care, and I don't use google translator, I only use that it if I did not know a word in English, that phrase I put it as mockery of Marrovi because he use the google translator. And these attacks are from months ago, I already apologize personally to the user Marrovi.",0,0,0,0,0,0
ae32f2d04be3ab13,Uh-oh... I better make sure all the doors are locked.66.177.73.86,0,0,0,0,0,0
660239cdbc31a20f,"What if CISPA bill became DNSchanger virus, Google, FB and others cannot promisr our privacy but instead infect all our computers filled with devastating virusrs that government cannot handle them. Insead they spy our information (like virusrs), we get infected. As soon as it gets too contagious. What about NoKoR Nuclear missile to interfere CISPA with Kim Jong Un?",0,0,0,0,0,0
6f863e194d0aac3e,"in two weeks on her return.  Thanks for your patience. In the meantime I found my photos of the Chet Helm's Memorial (the Tribal Stomp). Reason I couldn't find was  I didn't take my digital cam that day and instead took a throway camera, so I'd stored the JPG scans in a different directory. Will u/l when i get a chance.",0,0,0,0,0,0
bb355215de78e74a,you are a gay anti-hindu bastard,1,1,1,0,1,1
3bcaf6027cf3bc16,Flowers is just some backup characters she has nothing to do with whoever Ramona is. Just add Season 2 please seriously if you don't know 2-4 months from now you're gonna feel like a dumbass like you are.,1,0,1,0,1,0
01ba7c1a5e999a42,"""
See Internet_Explorer#Market share history overview by year and version. IE7 is with us for some time to come, like it or not. But if others using it have no problems, that's fine, I'm not worried about my specific workplace.  come howl! """,0,0,0,0,0,0
b27f211176dfa913,mONKeyS aLSO liKE tO fEeL yOU uP WHEN YOUR SLEEPING aNd tEAbAG YOU aNd sKeEt ON yOUr PILlOw when you least expect it.... Most monkeys have diharea after raunchy sex with male hookers and need vicoden to numb the pain. Thats why some of the monkeys asses are red. Because they are sore.,1,0,1,0,0,0
82aad7d9fd719965,"""

 ''...I'd appreciate it if you could replace each link to an older Legend to the new one [see my above comment]. And, to put the legend parameter now also in all the non-EU countries...
 Sorry to overlook previously; I hope I found and updated them all. Yours,   """,0,0,0,0,0,0
0da6d7528390359e,"Hello. Thanks again for your reply. I am not too concerned about the articles that CRUSIO deleted. It appears to be rather subjective if they appear or do not appear. I would like to focus your attention on the corrections and additions to the Paola S. Timiras, that CRUSIO removed, specifically the addition of the entry for Paul Segall and the correction to the name of the imaging system that was developed and used in the Timiras lab. Please look at the supporting information and let me know if it is lacking in anyway and if so, what else can be added to allow this information to be on the Timiras site. 

P.S. If you would like to look into the items that CRUSIO deleted please do so, they are listed above. 

Cheers.",0,0,0,0,0,0
efddba7ef9e8856f,"""a """"demon-possessed pedophile"""" [pedophile alone wasn't enough]
    *""",1,0,0,0,0,0
11e9f1c5c34c9b9a,Also note: McCotter not included in Key People.,0,0,0,0,0,0
2480a67c648f2266,YOU SUCK!! Deadly ASSASSIN IS GAY,1,1,1,0,0,0
b79f828bb11b371f,Thats what yopur mom said last night oooh,1,0,0,0,0,0
d2d96f6433b46dde,"fuck you 

too bad ill turn my router on and off right after this edit, so i dont even have to fucking see your response and vandalise your page all over again....",1,1,1,0,1,0
6ae4580294f2d587,"Editing Wikipedia 

Fuck You, you anal rapist",1,0,1,0,1,0
67a4c5ef2702a446,More hrassment from the Jew-hater Whaledad.,1,0,0,0,0,1
1f036ad7f966f4a4,"Hank Zipzer- Barfing in the Back Seat
Hank Zipzer is a fifth grader who consistently gets in trouble and has learning difficulties. In this book, Hank’s dad, Stanley Zipzer, raced into the room where the Zipzer family was sitting. Excited he exclaimed, “Road trip!” He was so happy that he knocked over the Raisin Bran Hank was eating. Fortunately, Cheerio, their dog, consumed the spilled cereal; the Zipzer family never needed to clean up anything since they got Cheerio. Hank asked if they had to come as well with Stan and Randi Zipzer, Hank’s parents. Emily, who always liked to answer people’s questions explained that they would never let them stay home with the TV remote and microwave dinners. The only reason dad wanted to go on a road trip was because there was a crossword puzzle tournament; Hank’s dad loved crossword puzzles and when he saw one, he never took his eyes of it. The only things Hank could say were wow, oh wow and wowee wow wow wow. Mum promises that they would go to a theme park, called Colossus Coaster Kingdom. They were also allowed to bring one special guest of their choice along with them. Emily chooses Katherine, her iguana, and Hank chooses Frankie Townsend. 
Ms Adolf gives Hank a homework packet which has nine-hundred pages and Hank cannot go on any of the rides until he finishes all of his homework. They are all allowed to choose a place to stop at. Dad picked a library. Emily and Katherine choose the science museum. Frankie Townsend picks a basketball court. Mum chooses a honey farm and Hank chooses the theme park. Dad looked at the library, Emily studied the museum, mum looked the farm and they went to a hotel where Hank loses his homework; Frankie had to give up twenty pounds and his trip to the court just to save Hank. Hank doesn’t finish his homework on time and cannot go on any of the rides; he had to watch his dad complete all his crossword puzzles. Mr Zipzer becomes one of the top five people who participated. Everyone didn’t complete the puzzle in the time that was given. First place was Martina Stone from Cheyenne, Wyoming. Second place was HANK’S DAD!!!!!!!!!!!!!! 
Since Hank didn’t complete the homework packet, he had no idea what words will come out of Ms Adolf’s mouth this time. Anyway, Hank didn’t care about not completing his homework because always getting detention was usual for him.",0,0,0,0,0,0
b846d8804d8c0873,WHY DO YOU THINK TRIVIUM'S MUSIC IS GREA TIDIOT IT'S JUST FUCKING METALLICA COPY STUPID AND THEY SUCK AND HE MAKES GAY FACE WHEN HE SINGS AND HE CAN'T FUCKIG SCREAM PROPERLY HE'S EMO FAGGOT MATT HEAFY LIKES COCK FUCK YOU IDIOT.,1,0,1,0,1,0
